"sku","media_gallery"
"VB:0000","/1_0.jpg"
"VB:0000","/1_1.jpg"
"VB:0000","/1_2.jpg"
"VB:0001","/2_0.jpg"
"VB:0001","/2_1.jpg"
"VB:0001","/2_2.jpg"
"VB:0001","/2_3.jpg"
"VB:0002","/3_0.jpg"
"VB:0002","/3_1.jpg"
"VB:0003","/4_0.jpg"
"VB:0004","/5_0.jpg"
"VB:0005","/6_0.jpg"
"VB:0006","/7_0.jpg"
"VB:0006","/7_1.gif"
"VB:0007","/8_0.jpg"
"VB:0007","/8_1.jpg"
"VB:0007","/8_2.jpg"
"VB:0008","/9_0.jpg"
"VB:0008","/9_1.jpg"
"VB:0009","/10_0.jpg"
"VB:0009","/10_1.jpg"
"VB:0009","/10_2.jpg"
"VB:0010","/11_0.jpg"
"VB:0010","/11_1.jpg"
"VB:0010","/11_2.jpg"
"VB:0010","/11_3.jpg"
"VB:0010","/11_4.jpg"
"WI:0000","/13_0.jpg"
"WI:0000","/13_1.jpg"
"WI:0000","/13_2.jpg"
"WI:0000","/13_3.jpg"
"WI:0001","/14_0.jpg"
"WI:0001","/14_1.jpg"
"WI:0002","/15_0.jpg"
"WI:0002","/15_1.jpg"
"WI:0002","/15_2.jpg"
"WI:0002","/15_3.jpg"
"IT:0000","/16_0.jpg"
"MB:0000","/17_0.jpg"
"MB:0000","/17_1.jpg"
"MB:0000","/17_2.jpg"
"MB:0000","/17_3.jpg"
"MB:0001","/18_0.jpg"
"MB:0002","/19_0.jpg"
"AD:0000","/20_0.jpg"
"AD:0000","/20_1.jpg"
"AD:0000","/20_2.jpg"
"AD:0000","/20_3.jpg"
"AD:0001","/21_0.jpg"
"AD:0001","/21_1.jpg"
"AD:0002","/22_0.jpg"
"DT:0001","/24_0.jpg"
"WI:0003","/26_0.jpg"
"TP:0000","/27_0.jpg"
"TP:0000","/27_1.jpg"
"TP:0001","/28_0.jpg"
"TP:0001","/28_1.jpg"
"TP:0001","/28_2.jpg"
"TP:0002","/29_0.jpg"
"TP:0002","/29_1.jpg"
"TP:0002","/29_2.jpg"
"TP:0002","/29_3.png"
"TP:0003","/30_0.jpg"
"TP:0004","/31_0.jpg"
"TP:0004","/31_1.jpg"
"TP:0004","/31_2.jpg"
"TP:0004","/31_3.png"
"TP:0004","/31_4.png"
"TP:0005","/32_0.jpg"
"TP:0005","/32_1.jpg"
"TP:0005","/32_2.jpg"
"EP:0063","/33_0.jpg"
"EP:0063","/33_1.jpg"
"EP:0064","/34_0.jpg"
"EP:0064","/34_1.jpg"
"EP:0064","/34_2.jpg"
"EP:0064","/34_3.jpg"
"EP:0000","/35_0.jpg"
"EP:0000","/35_1.jpg"
"EP:0000","/35_2.jpg"
"EP:0000","/35_3.jpg"
"EP:0065","/36_0.jpg"
"EP:0065","/36_1.jpg"
"EP:0066","/37_0.jpg"
"EP:0066","/37_1.jpg"
"EP:0066","/37_2.jpg"
"EP:0066","/37_3.jpg"
"EP:0066","/37_4.jpg"
"EP:0066","/37_5.jpg"
"EP:0066","/37_6.jpg"
"EP:0001","/38_0.jpg"
"EP:0067","/39_0.jpg"
"EP:0067","/39_1.jpg"
"EP:0067","/39_2.jpg"
"EP:0067","/39_3.jpg"
"H:0001","/41_0.jpg"
"H:0001","/41_1.png"
"H:0002","/42_0.png"
"H:0003","/43_0.jpg"
"H:0004","/44_0.png"
"W:0000","/45_0.jpg"
"W:0002","/47_0.jpg"
"W:0003","/48_0.jpg"
"W:0003","/48_1.jpg"
"W:0004","/49_0.jpg"
"W:0004","/49_1.jpg"
"W:0005","/50_0.jpg"
"H:0005","/51_0.jpg"
"TP:0006","/52_0.jpg"
"H:0006","/62_0.jpg"
"WI:0004","/63_0.jpg"
"WI:0004","/63_1.jpg"
"WI:0004","/63_2.jpg"
"EP:0068","/64_0.jpg"
"EP:0068","/64_1.jpg"
"EP:0068","/64_2.jpg"
"W:0006","/65_0.jpg"
"W:0007","/66_0.jpg"
"W:0008","/67_0.jpg"
"EP:0002","/68_0.jpeg"
"EP:0002","/68_1.jpg"
"EP:0003","/70_0.jpg"
"EP:0003","/70_1.jpg"
"EP:0003","/70_2.jpg"
"EP:0003","/70_3.jpg"
"EP:0003","/70_4.jpg"
"EP:0003","/70_5.jpg"
"W:0010","/71_0.jpg"
"EP:0004","/72_0.jpg"
"EP:0004","/72_1.jpg"
"EP:0004","/72_2.jpg"
"EP:0005","/73_0.jpg"
"EP:0005","/73_1.jpg"
"EP:0005","/73_2.jpg"
"EP:0005","/73_3.jpg"
"EP:0005","/73_4.jpg"
"EP:0005","/73_5.jpg"
"EP:0005","/73_6.jpg"
"EP:0005","/73_7.jpg"
"TP:0007","/74_0.jpg"
"TP:0007","/74_1.jpg"
"TP:0008","/75_0.jpg"
"EP:0006","/76_0.jpg"
"EP:0006","/76_1.jpg"
"H:0007","/77_0.jpg"
"H:0007","/77_1.jpg"
"H:0008","/78_0.jpg"
"H:0008","/78_1.jpg"
"H:0009","/79_0.jpg"
"H:0009","/79_1.jpg"
"H:0010","/80_0.jpg"
"H:0010","/80_1.jpg"
"H:0010","/80_2.jpg"
"H:0011","/81_0.jpg"
"H:0011","/81_1.jpg"
"EP:0007","/82_0.jpg"
"EP:0007","/82_1.jpg"
"EP:0007","/82_2.jpg"
"EP:0007","/82_3.jpg"
"EP:0007","/82_4.jpg"
"EP:0007","/82_5.jpg"
"WI:0005","/83_0.jpg"
"WI:0005","/83_1.jpg"
"WI:0005","/83_2.jpg"
"WI:0006","/84_0.jpg"
"WI:0006","/84_1.jpg"
"WI:0006","/84_2.jpg"
"WI:0007","/85_0.jpg"
"WI:0007","/85_1.jpg"
"WI:0007","/85_2.jpg"
"WI:0007","/85_3.jpg"
"WI:0008","/86_0.jpg"
"WI:0008","/86_1.jpg"
"WI:0008","/86_2.jpg"
"WI:0008","/86_3.jpg"
"WI:0009","/87_0.jpg"
"WI:0009","/87_1.jpg"
"WI:0009","/87_2.jpg"
"WI:0009","/87_3.jpg"
"WI:0010","/88_0.jpg"
"WI:0010","/88_1.jpg"
"WI:0010","/88_2.jpg"
"WI:0010","/88_3.jpg"
"MB:0003","/89_0.jpg"
"WI:0011","/90_0.jpg"
"WI:0011","/90_1.jpg"
"WI:0012","/91_0.jpg"
"WI:0012","/91_1.jpg"
"WI:0013","/92_0.jpg"
"WI:0013","/92_1.jpg"
"WI:0014","/93_0.jpg"
"WI:0014","/93_1.jpg"
"WI:0015","/94_0.jpg"
"BR:0001","/96_0.jpg"
"BR:0001","/96_1.jpg"
"BR:0002","/97_0.jpg"
"EP:0008","/99_0.jpeg"
"EP:0008","/99_1.jpeg"
"EP:0008","/99_2.jpeg"
"EP:0009","/101_0.jpg"
"EP:0009","/101_1.jpg"
"EP:0009","/101_2.jpg"
"EP:0009","/101_3.jpg"
"EP:0009","/101_4.png"
"WI:0016","/102_0.jpg"
"WI:0016","/102_1.jpg"
"WI:0016","/102_2.jpg"
"WI:0016","/102_3.jpg"
"WI:0016","/102_4.jpg"
"AD:0003","/103_0.jpg"
"AD:0003","/103_1.jpg"
"AD:0003","/103_2.jpg"
"AD:0003","/103_3.jpg"
"AD:0003","/103_4.jpg"
"AD:0003","/103_5.jpg"
"AD:0003","/103_6.jpg"
"W:0011","/104_0.jpg"
"PU:D:0000","/105_0.jpg"
"PU:D:0000","/105_1.jpg"
"PU:D:0000","/105_2.jpg"
"PU:D:0000","/105_3.png"
"PU:D:0001","/106_0.jpg"
"PU:D:0001","/106_1.jpg"
"PU:D:0002","/107_0.jpg"
"PU:D:0002","/107_1.jpg"
"PU:D:0003","/108_0.jpg"
"PU:D:0003","/108_1.jpg"
"PU:D:0003","/108_2.jpg"
"PU:D:0004","/109_0.jpg"
"PU:D:0004","/109_1.jpg"
"PU:D:0004","/109_2.jpg"
"PU:D:0005","/110_0.jpg"
"PU:D:0005","/110_1.jpg"
"PU:D:0005","/110_2.jpg"
"PU:D:0006","/111_0.jpg"
"PU:D:0006","/111_1.jpg"
"PU:D:0006","/111_2.jpg"
"PU:D:0007","/112_0.jpg"
"PU:D:0007","/112_1.jpg"
"PU:D:0007","/112_2.jpg"
"PU:D:0008","/113_0.jpg"
"PU:D:0008","/113_1.jpg"
"PU:D:0008","/113_2.jpg"
"PU:D:0009","/114_0.jpg"
"PU:D:0009","/114_1.jpg"
"PU:D:0009","/114_2.jpg"
"PU:D:0010","/115_0.jpg"
"PU:D:0010","/115_1.jpg"
"PU:D:0010","/115_2.jpg"
"PU:D:0011","/116_0.jpeg"
"PU:D:0011","/116_1.png"
"PU:D:0011","/116_2.png"
"PU:D:0012","/117_0.jpeg"
"PU:D:0012","/117_1.jpg"
"PU:D:0013","/118_0.jpg"
"PU:D:0014","/119_0.jpg"
"PU:D:0014","/119_1.jpg"
"PU:D:0015","/120_0.jpg"
"PU:D:0015","/120_1.jpg"
"PU:D:0016","/121_0.jpg"
"PU:D:0016","/121_1.jpg"
"PU:D:0017","/122_0.jpg"
"PU:D:0017","/122_1.jpg"
"PU:D:0018","/123_0.jpg"
"PU:D:0018","/123_1.jpg"
"PU:D:0018","/123_2.jpg"
"PU:D:0018","/123_3.jpg"
"PU:D:0018","/123_4.jpg"
"PU:D:0019","/124_0.jpg"
"PU:D:0019","/124_1.jpg"
"PU:D:0019","/124_2.jpg"
"PU:D:0019","/124_3.jpg"
"PU:D:0019","/124_4.jpg"
"PU:D:0020","/125_0.jpg"
"PU:D:0020","/125_1.jpg"
"PU:D:0020","/125_2.jpg"
"PU:D:0020","/125_3.jpg"
"PU:D:0020","/125_4.jpg"
"PU:D:0020","/125_5.jpg"
"PU:D:0020","/125_6.jpg"
"PU:D:0020","/125_7.jpg"
"PU:D:0021","/126_0.jpg"
"PU:D:0021","/126_1.jpg"
"PU:D:0021","/126_2.jpg"
"PU:D:0021","/126_3.jpg"
"PU:D:0021","/126_4.jpg"
"PU:D:0022","/127_0.jpg"
"PU:D:0022","/127_1.jpg"
"PU:D:0022","/127_2.jpg"
"PU:D:0022","/127_3.jpg"
"PU:D:0023","/128_0.jpg"
"PU:D:0024","/129_0.jpg"
"PU:D:0024","/129_1.jpg"
"PU:D:0026","/131_0.jpg"
"PU:D:0026","/131_1.jpg"
"PU:D:0026","/131_2.jpg"
"PU:D:0026","/131_3.jpg"
"PU:D:0026","/131_4.jpg"
"PU:D:0027","/132_0.jpg"
"PU:D:0027","/132_1.jpg"
"PU:D:0027","/132_2.jpg"
"PU:D:0027","/132_3.jpg"
"PU:D:0027","/132_4.jpg"
"PU:D:0028","/133_0.jpg"
"PU:D:0028","/133_1.jpg"
"PU:D:0028","/133_2.jpg"
"PU:D:0028","/133_3.jpg"
"PU:D:0028","/133_4.jpg"
"PU:D:0029","/134_0.jpg"
"PU:D:0029","/134_1.jpg"
"PU:D:0030","/135_0.jpg"
"PU:D:0030","/135_1.jpg"
"PU:D:0030","/135_2.png"
"PU:D:0031","/136_0.jpg"
"PU:D:0031","/136_1.jpg"
"PU:D:0031","/136_2.jpg"
"PU:D:0031","/136_3.png"
"PU:D:0032","/137_0.jpg"
"PU:D:0034","/139_0.jpg"
"PU:D:0034","/139_1.jpg"
"PU:D:0035","/140_0.jpg"
"PU:D:0035","/140_1.jpg"
"PU:D:0035","/140_2.jpg"
"PU:D:0035","/140_3.jpg"
"PU:D:0036","/141_0.jpg"
"PU:D:0036","/141_1.jpg"
"PU:D:0037","/142_0.jpg"
"PU:D:0038","/143_0.jpg"
"PU:D:0038","/143_1.jpg"
"PU:D:0039","/144_0.jpeg"
"PU:D:0039","/144_1.jpg"
"PU:D:0040","/145_0.jpg"
"PU:D:0041","/146_0.jpg"
"PU:D:0041","/146_1.jpg"
"PU:D:0042","/147_0.jpg"
"PU:D:0042","/147_1.jpg"
"PU:D:0042","/147_2.jpg"
"PU:D:0042","/147_3.jpg"
"PU:D:0042","/147_4.jpg"
"PU:D:0042","/147_5.jpg"
"PU:D:0042","/147_6.jpg"
"PU:D:0043","/148_0.jpg"
"PU:D:0043","/148_1.jpg"
"PU:D:0043","/148_2.jpg"
"PU:D:0043","/148_3.jpg"
"PU:D:0043","/148_4.jpg"
"PU:D:0043","/148_5.jpg"
"PU:D:0043","/148_6.jpg"
"PU:D:0043","/148_7.jpg"
"PU:D:0043","/148_8.jpg"
"PU:D:0044","/149_0.jpg"
"PU:D:0044","/149_1.jpg"
"PU:D:0044","/149_2.jpg"
"PU:D:0044","/149_3.jpg"
"PU:D:0044","/149_4.jpg"
"PU:D:0044","/149_5.jpg"
"PU:D:0044","/149_6.jpg"
"PU:D:0044","/149_7.jpg"
"PU:D:0045","/150_0.jpeg"
"PU:D:0045","/150_1.jpg"
"PU:D:0046","/151_0.jpeg"
"PU:D:0046","/151_1.jpg"
"PU:D:0047","/152_0.jpg"
"PU:D:0048","/153_0.jpg"
"PU:D:0049","/154_0.jpg"
"PU:D:0051","/156_0.jpg"
"PU:D:0051","/156_1.jpg"
"PU:D:0051","/156_2.jpg"
"PU:D:0051","/156_3.jpg"
"PU:D:0051","/156_4.jpg"
"PU:D:0052","/157_0.jpg"
"PU:D:0052","/157_1.jpg"
"PU:D:0052","/157_2.jpg"
"PU:D:0052","/157_3.jpg"
"PU:D:0052","/157_4.jpg"
"PU:D:0053","/158_0.jpg"
"PU:D:0053","/158_1.jpg"
"PU:D:0053","/158_2.jpg"
"PU:D:0053","/158_3.jpg"
"PU:D:0053","/158_4.jpg"
"PU:D:0053","/158_5.jpg"
"PU:D:0053","/158_6.jpg"
"PU:D:0054","/159_0.jpg"
"PU:D:0054","/159_1.jpg"
"PU:D:0054","/159_2.jpg"
"PU:D:0054","/159_3.jpg"
"PU:D:0054","/159_4.jpg"
"PU:D:0055","/160_0.jpg"
"PU:D:0055","/160_1.jpg"
"PU:D:0055","/160_2.jpg"
"PU:D:0055","/160_3.jpg"
"PU:D:0055","/160_4.jpg"
"PU:D:0055","/160_5.jpg"
"PU:D:0056","/161_0.jpg"
"PU:D:0056","/161_1.jpg"
"PU:D:0057","/162_0.jpg"
"PU:D:0057","/162_1.jpg"
"PU:D:0058","/163_0.jpg"
"PU:D:0058","/163_1.jpg"
"PU:D:0059","/164_0.jpg"
"PU:D:0059","/164_1.jpg"
"PU:D:0060","/165_0.jpg"
"PU:D:0060","/165_1.jpg"
"PU:D:0061","/166_0.jpg"
"PU:D:0061","/166_1.jpg"
"PU:D:0061","/166_2.gif"
"PU:D:0062","/167_0.jpg"
"PU:D:0063","/168_0.jpg"
"PU:D:0063","/168_1.jpg"
"PU:D:0063","/168_2.jpg"
"PU:D:0065","/170_0.jpg"
"PU:D:0066","/171_0.jpg"
"PU:D:0066","/171_1.jpg"
"PU:D:0068","/173_0.jpg"
"PU:D:0069","/174_0.jpg"
"PU:D:0070","/175_0.jpg"
"PU:D:0070","/175_1.jpg"
"PU:D:0071","/176_0.jpg"
"PU:D:0071","/176_1.jpg"
"PU:D:0073","/178_0.jpg"
"PU:D:0073","/178_1.jpg"
"PU:D:0073","/178_2.jpg"
"PU:D:0074","/179_0.jpg"
"PU:D:0074","/179_1.jpg"
"PU:D:0074","/179_2.jpg"
"PU:D:0075","/180_0.jpg"
"PU:D:0075","/180_1.jpg"
"PU:D:0075","/180_2.jpg"
"PU:D:0075","/180_3.jpg"
"PU:D:0076","/181_0.jpg"
"PU:D:0076","/181_1.jpg"
"PU:D:0076","/181_2.jpg"
"PU:D:0076","/181_3.png"
"PU:D:0077","/182_0.jpg"
"PU:D:0077","/182_1.jpg"
"PU:D:0077","/182_2.jpg"
"PU:D:0077","/182_3.jpg"
"PU:D:0078","/183_0.jpg"
"PU:D:0078","/183_1.jpg"
"PU:D:0078","/183_2.jpg"
"PU:D:0079","/184_0.jpg"
"PU:D:0079","/184_1.jpg"
"PU:D:0079","/184_2.jpg"
"PU:D:0081","/186_0.jpg"
"PU:D:0081","/186_1.jpg"
"PU:D:0081","/186_2.jpg"
"PU:D:0081","/186_3.jpg"
"PU:D:0082","/187_0.jpg"
"PU:D:0082","/187_1.jpg"
"PU:D:0082","/187_2.jpg"
"PU:D:0082","/187_3.jpg"
"PU:D:0082","/187_4.png"
"PU:D:0083","/188_0.jpg"
"PU:D:0083","/188_1.jpg"
"PU:D:0083","/188_2.jpg"
"PU:D:0083","/188_3.jpg"
"PU:D:0083","/188_4.png"
"PU:D:0084","/189_0.jpg"
"PU:D:0084","/189_1.png"
"PU:D:0085","/190_0.jpg"
"PU:D:0086","/191_0.jpg"
"PU:D:0086","/191_1.jpg"
"PU:D:0086","/191_2.jpg"
"PU:D:0086","/191_3.png"
"PU:D:0087","/192_0.jpg"
"PU:D:0087","/192_1.jpg"
"PU:D:0087","/192_2.jpg"
"PU:D:0087","/192_3.jpg"
"PU:D:0087","/192_4.png"
"PU:D:0088","/193_0.jpg"
"PU:W:0000","/195_0.jpg"
"PU:W:0000","/195_1.jpg"
"PU:W:0000","/195_2.jpg"
"PU:W:0000","/195_3.jpg"
"PU:W:0001","/196_0.jpg"
"PU:W:0001","/196_1.jpg"
"PU:W:0001","/196_2.jpg"
"PU:W:0001","/196_3.jpg"
"PU:W:0002","/197_0.jpg"
"PU:W:0002","/197_1.jpg"
"PU:W:0002","/197_2.jpg"
"PU:W:0002","/197_3.jpg"
"PU:W:0004","/199_0.jpg"
"PU:W:0004","/199_1.jpg"
"PU:W:0004","/199_2.jpg"
"PU:W:0004","/199_3.jpg"
"PU:D:0089","/200_0.jpg"
"PU:D:0089","/200_1.jpg"
"PU:D:0090","/201_0.jpg"
"PU:D:0092","/204_0.jpg"
"PU:D:0100","/215_0.jpg"
"PU:D:0101","/221_0.jpg"
"PU:D:0101","/221_1.jpg"
"PU:D:0103","/226_0.jpg"
"PU:D:0103","/226_1.jpg"
"PU:D:0103","/226_2.jpg"
"PU:D:0103","/226_3.jpg"
"PU:D:0103","/226_4.jpg"
"PU:D:0103","/226_5.jpg"
"PU:D:0104","/227_0.jpg"
"PU:D:0104","/227_1.jpg"
"PU:D:0104","/227_2.jpg"
"PU:D:0104","/227_3.jpg"
"PU:D:0104","/227_4.jpg"
"PU:D:0104","/227_5.jpg"
"PU:D:0105","/228_0.jpg"
"PU:D:0105","/228_1.jpg"
"PU:D:0105","/228_2.jpg"
"PU:D:0105","/228_3.jpg"
"PU:D:0105","/228_4.jpg"
"PU:D:0105","/228_5.jpg"
"PU:D:0106","/229_0.jpg"
"PU:D:0106","/229_1.jpg"
"PU:D:0106","/229_2.jpg"
"PU:D:0106","/229_3.jpg"
"PU:D:0106","/229_4.jpg"
"PU:D:0106","/229_5.jpg"
"PU:D:0107","/230_0.jpg"
"PU:D:0107","/230_1.jpg"
"PU:D:0107","/230_2.jpg"
"PU:D:0107","/230_3.jpg"
"PU:D:0107","/230_4.jpg"
"PU:D:0107","/230_5.jpg"
"PU:D:0108","/231_0.jpg"
"PU:D:0108","/231_1.jpg"
"PU:D:0108","/231_2.jpg"
"PU:D:0108","/231_3.jpg"
"PU:D:0108","/231_4.jpg"
"PU:D:0108","/231_5.jpg"
"PU:D:0109","/232_0.jpg"
"PU:D:0109","/232_1.jpg"
"PU:D:0109","/232_2.jpg"
"PU:D:0109","/232_3.jpg"
"PU:D:0109","/232_4.jpg"
"PU:D:0109","/232_5.jpg"
"PU:D:0110","/233_0.jpg"
"PU:D:0110","/233_1.jpg"
"PU:D:0110","/233_2.jpg"
"PU:D:0110","/233_3.jpg"
"PU:D:0110","/233_4.jpg"
"PU:D:0110","/233_5.jpg"
"PU:D:0111","/234_0.jpg"
"PU:D:0111","/234_1.jpg"
"PU:D:0111","/234_2.jpg"
"PU:D:0111","/234_3.jpg"
"PU:D:0111","/234_4.jpg"
"PU:D:0111","/234_5.jpg"
"PU:D:0112","/235_0.jpg"
"PU:D:0112","/235_1.jpg"
"PU:D:0112","/235_2.jpg"
"PU:D:0112","/235_3.jpg"
"PU:D:0112","/235_4.jpg"
"PU:D:0112","/235_5.jpg"
"PU:D:0113","/236_0.jpg"
"PU:D:0113","/236_1.jpg"
"PU:D:0113","/236_2.jpg"
"PU:D:0113","/236_3.jpg"
"PU:D:0113","/236_4.jpg"
"PU:D:0113","/236_5.jpg"
"PU:D:0114","/237_0.jpg"
"PU:D:0114","/237_1.jpg"
"PU:D:0114","/237_2.jpg"
"PU:D:0114","/237_3.jpg"
"PU:D:0114","/237_4.jpg"
"PU:D:0114","/237_5.jpg"
"PU:D:0115","/238_0.jpg"
"PU:D:0115","/238_1.jpg"
"PU:D:0115","/238_2.jpg"
"PU:D:0115","/238_3.jpg"
"PU:D:0115","/238_4.jpg"
"PU:D:0115","/238_5.jpg"
"PU:D:0116","/239_0.jpg"
"PU:D:0117","/240_0.jpg"
"PU:D:0117","/240_1.jpg"
"PU:D:0117","/240_2.jpg"
"PU:D:0117","/240_3.jpg"
"PU:D:0117","/240_4.jpg"
"PU:D:0117","/240_5.jpg"
"PU:D:0118","/241_0.jpg"
"PU:D:0118","/241_1.jpg"
"PU:D:0118","/241_2.jpg"
"PU:D:0118","/241_3.jpg"
"PU:D:0119","/242_0.jpg"
"PU:D:0119","/242_1.jpg"
"PU:D:0119","/242_2.jpg"
"PU:D:0119","/242_3.jpg"
"PU:D:0120","/243_0.jpg"
"PU:D:0120","/243_1.jpg"
"PU:D:0120","/243_2.jpg"
"PU:D:0120","/243_3.jpg"
"PU:D:0121","/244_0.jpg"
"PU:D:0121","/244_1.jpg"
"PU:D:0121","/244_2.jpg"
"PU:D:0121","/244_3.jpg"
"PU:D:0121","/244_4.png"
"PU:D:0122","/245_0.jpeg"
"PU:D:0123","/246_0.jpg"
"PU:D:0123","/246_1.jpg"
"PU:D:0123","/246_2.png"
"PU:D:0124","/247_0.jpg"
"PU:D:0124","/247_1.jpg"
"PU:D:0124","/247_2.jpg"
"PU:D:0125","/248_0.jpg"
"PU:D:0126","/249_0.jpg"
"PU:D:0126","/249_1.jpg"
"PU:D:0127","/250_0.jpg"
"PU:D:0128","/251_0.jpg"
"PU:D:0129","/252_0.jpg"
"PU:D:0130","/253_0.jpg"
"PU:D:0131","/254_0.jpg"
"PU:D:0132","/255_0.jpg"
"PU:D:0132","/255_1.jpg"
"PU:D:0132","/255_2.jpg"
"PU:D:0133","/256_0.jpg"
"PU:D:0133","/256_1.png"
"PU:D:0134","/257_0.jpg"
"PU:D:0135","/258_0.jpeg"
"PU:D:0135","/258_1.jpg"
"PU:D:0136","/259_0.jpeg"
"PU:D:0136","/259_1.jpg"
"PU:D:0137","/260_0.jpeg"
"PU:D:0137","/260_1.jpg"
"PU:D:0138","/261_0.jpeg"
"PU:D:0139","/262_0.jpeg"
"PU:D:0139","/262_1.jpg"
"PU:D:0140","/263_0.jpg"
"PU:D:0140","/263_1.jpg"
"PU:D:0140","/263_2.jpg"
"PU:D:0141","/264_0.jpg"
"PU:D:0141","/264_1.jpg"
"PU:D:0141","/264_2.jpg"
"PU:D:0141","/264_3.png"
"PU:D:0141","/264_4.png"
"PU:D:0142","/265_0.jpg"
"PU:D:0142","/265_1.jpg"
"PU:D:0142","/265_2.jpg"
"PU:D:0142","/265_3.png"
"PU:D:0143","/266_0.jpeg"
"PU:D:0143","/266_1.jpg"
"PU:D:0143","/266_2.jpg"
"PU:D:0143","/266_3.jpg"
"PU:D:0143","/266_4.png"
"PU:D:0143","/266_5.png"
"PU:D:0144","/267_0.jpg"
"PU:D:0144","/267_1.jpg"
"PU:D:0144","/267_2.jpg"
"PU:D:0144","/267_3.png"
"PU:D:0144","/267_4.png"
"PU:D:0145","/268_0.jpg"
"PU:D:0145","/268_1.png"
"PU:D:0145","/268_2.png"
"PU:D:0146","/269_0.jpg"
"PU:D:0146","/269_1.jpg"
"PU:D:0146","/269_2.jpg"
"PU:D:0146","/269_3.jpg"
"PU:D:0146","/269_4.jpg"
"PU:D:0146","/269_5.png"
"PU:D:0147","/270_0.jpg"
"PU:D:0147","/270_1.jpg"
"PU:D:0147","/270_2.jpg"
"PU:D:0147","/270_3.png"
"PU:D:0148","/271_0.png"
"PU:D:0148","/271_1.png"
"PU:D:0149","/272_0.jpg"
"PU:D:0149","/272_1.jpg"
"PU:D:0149","/272_2.jpg"
"PU:D:0150","/273_0.jpg"
"PU:D:0151","/274_0.jpg"
"PU:D:0151","/274_1.jpg"
"PU:D:0152","/275_0.jpeg"
"PU:D:0152","/275_1.jpg"
"PU:D:0152","/275_2.jpg"
"PU:D:0152","/275_3.jpg"
"PU:D:0152","/275_4.jpg"
"PU:D:0152","/275_5.jpg"
"PU:D:0153","/276_0.jpeg"
"PU:D:0153","/276_1.jpg"
"PU:D:0153","/276_2.jpg"
"PU:D:0153","/276_3.jpg"
"PU:D:0153","/276_4.jpg"
"PU:D:0154","/277_0.jpg"
"PU:D:0154","/277_1.jpg"
"PU:D:0154","/277_2.jpg"
"PU:D:0154","/277_3.jpg"
"PU:D:0154","/277_4.jpg"
"PU:D:0155","/278_0.jpg"
"PU:D:0155","/278_1.jpg"
"PU:D:0155","/278_2.jpg"
"BR:0004","/279_0.jpg"
"BR:0005","/280_0.jpg"
"BR:0006","/281_0.jpg"
"BR:0007","/282_0.jpg"
"BR:0008","/283_0.jpg"
"BR:0009","/284_0.jpg"
"BT:0010","/285_0.jpg"
"BR:0010","/286_0.jpg"
"BR:0011","/287_0.jpg"
"BT:0011","/288_0.jpg"
"FM:0000","/289_0.jpg"
"FM:0001","/290_0.jpg"
"VU:0001","/292_0.jpg"
"VU:0001","/292_1.jpg"
"VU:0002","/293_0.jpg"
"VU:0002","/293_1.jpg"
"VU:0003","/294_0.jpg"
"VU:0003","/294_1.png"
"VU:0003","/294_2.png"
"VU:0003","/294_3.png"
"VU:0004","/295_0.jpg"
"VU:0005","/296_0.jpg"
"VU:0005","/296_1.jpg"
"VU:0005","/296_2.jpg"
"VU:0010","/301_0.jpg"
"VU:0010","/301_1.jpg"
"VU:0011","/302_0.jpg"
"VU:0011","/302_1.jpg"
"VU:0012","/303_0.jpg"
"VU:0012","/303_1.jpg"
"VU:0013","/304_0.jpg"
"VU:0013","/304_1.jpg"
"VU:0015","/306_0.jpg"
"VU:0016","/307_0.jpg"
"VU:0016","/307_1.jpg"
"VU:0018","/309_0.jpg"
"VU:0018","/309_1.jpg"
"VU:0020","/311_0.jpg"
"VU:0021","/312_0.jpg"
"VU:0022","/313_0.jpg"
"VU:0023","/314_0.jpg"
"VU:0024","/315_0.jpg"
"VU:0024","/315_1.jpg"
"VC:0000","/316_0.png"
"VC:0000","/316_1.png"
"VC:0000","/316_2.png"
"VC:0000","/316_3.png"
"VC:0000","/316_4.png"
"VU:0025","/317_0.jpg"
"VU:0025","/317_1.jpg"
"VU:0025","/317_2.png"
"CE:0000","/318_0.jpg"
"CE:0000","/318_1.jpg"
"CE:0001","/319_0.jpg"
"CE:0002","/320_0.jpg"
"AB:0000","/321_0.jpg"
"AB:0000","/321_1.jpg"
"AB:0001","/322_0.jpg"
"VU:0026","/323_0.jpg"
"VU:0026","/323_1.jpg"
"VU:0027","/324_0.jpg"
"VU:0027","/324_1.png"
"VU:0027","/324_2.png"
"VU:0027","/324_3.png"
"VU:0027","/324_4.png"
"VU:0027","/324_5.png"
"VU:0027","/324_6.png"
"VU:0027","/324_7.png"
"FM:0002","/325_0.jpg"
"FM:0003","/326_0.jpg"
"FM:0004","/327_0.jpg"
"FM:0005","/328_0.jpg"
"FM:0006","/329_0.jpg"
"FM:0007","/330_0.jpg"
"FM:0008","/331_0.jpg"
"VC:0001","/332_0.jpg"
"VC:0002","/333_0.jpg"
"VC:0002","/333_1.jpg"
"VC:0002","/333_2.jpg"
"VC:0002","/333_3.jpg"
"VC:0002","/333_4.jpg"
"VC:0003","/334_0.jpg"
"AB:0002","/335_0.jpg"
"AB:0002","/335_1.jpg"
"AB:0002","/335_2.jpg"
"AB:0002","/335_3.jpg"
"AB:0003","/336_0.jpg"
"AB:0003","/336_1.jpg"
"AB:0003","/336_2.jpg"
"AB:0003","/336_3.jpg"
"AB:0003","/336_4.jpg"
"AB:0003","/336_5.jpg"
"AB:0004","/337_0.jpg"
"AB:0004","/337_1.jpg"
"AB:0004","/337_2.jpg"
"AB:0004","/337_3.jpg"
"AB:0004","/337_4.jpg"
"AB:0004","/337_5.jpg"
"S:0000","/338_0.jpg"
"S:0000","/338_1.jpg"
"S:0000","/338_2.jpg"
"S:0000","/338_3.jpg"
"S:0000","/338_4.jpg"
"S:0000","/338_5.jpg"
"VC:0004","/339_0.jpg"
"VC:0004","/339_1.jpg"
"VC:0004","/339_2.jpg"
"VC:0004","/339_3.jpg"
"VC:0004","/339_4.jpg"
"VC:0005","/340_0.jpg"
"VC:0005","/340_1.jpg"
"VC:0005","/340_2.jpg"
"VC:0005","/340_3.jpg"
"CE:0003","/341_0.jpg"
"CE:0003","/341_1.jpg"
"CE:0003","/341_2.jpg"
"CE:0003","/341_3.jpg"
"CE:0003","/341_4.jpg"
"CE:0004","/342_0.jpg"
"CE:0004","/342_1.jpg"
"CE:0004","/342_2.jpg"
"CE:0005","/343_0.jpg"
"CE:0005","/343_1.jpg"
"CE:0005","/343_2.jpg"
"CE:0005","/343_3.jpg"
"CE:0005","/343_4.jpg"
"CE:0005","/343_5.jpg"
"CE:0005","/343_6.jpg"
"CE:0006","/344_0.jpg"
"CE:0006","/344_1.jpg"
"CE:0006","/344_2.jpg"
"CE:0007","/345_0.jpg"
"CE:0007","/345_1.jpg"
"CE:0007","/345_2.jpg"
"CE:0007","/345_3.jpg"
"CE:0007","/345_4.jpg"
"CE:0007","/345_5.jpg"
"CE:0007","/345_6.jpg"
"S:0001","/346_0.jpg"
"S:0001","/346_1.jpg"
"S:0001","/346_2.jpg"
"S:0002","/347_0.jpg"
"S:0002","/347_1.jpg"
"S:0002","/347_2.jpg"
"FM:0009","/348_0.jpg"
"FM:0009","/348_1.jpg"
"FM:0009","/348_2.jpg"
"FM:0009","/348_3.jpg"
"FM:0009","/348_4.jpg"
"FM:0009","/348_5.jpg"
"FM:0010","/349_0.jpg"
"FM:0010","/349_1.jpg"
"FM:0010","/349_2.jpg"
"FM:0011","/350_0.jpg"
"FM:0011","/350_1.jpg"
"FM:0011","/350_2.jpg"
"FM:0011","/350_3.jpg"
"VU:0028","/351_0.jpg"
"VU:0028","/351_1.jpg"
"VU:0028","/351_2.jpg"
"VU:0029","/352_0.jpg"
"VU:0030","/353_0.jpg"
"VU:0030","/353_1.jpg"
"VU:0031","/354_0.jpg"
"VU:0031","/354_1.jpg"
"VC:0006","/355_0.jpg"
"VC:0006","/355_1.jpg"
"VC:0006","/355_2.jpg"
"H:0012","/356_0.jpg"
"H:0013","/357_0.jpg"
"H:0014","/358_0.jpg"
"H:0015","/359_0.jpg"
"H:0016","/360_0.jpg"
"H:0017","/361_0.jpg"
"H:0018","/362_0.jpg"
"H:0019","/363_0.jpg"
"H:0020","/364_0.jpg"
"H:0021","/365_0.jpg"
"VC:0007","/367_0.jpg"
"VC:0008","/368_0.jpg"
"VC:0008","/368_1.jpg"
"VC:0008","/368_2.jpg"
"VC:0008","/368_3.jpg"
"VC:0008","/368_4.jpg"
"VC:0009","/369_0.jpg"
"VC:0009","/369_1.jpg"
"VC:0009","/369_2.jpg"
"VC:0010","/370_0.jpg"
"VC:0010","/370_1.jpg"
"VC:0010","/370_2.jpg"
"VC:0010","/370_3.jpg"
"VC:0010","/370_4.jpg"
"VC:0010","/370_5.jpg"
"VC:0011","/371_0.jpg"
"VC:0011","/371_1.jpg"
"VC:0011","/371_2.jpg"
"VC:0011","/371_3.jpg"
"VC:0012","/372_0.jpg"
"VC:0012","/372_1.jpg"
"VC:0013","/373_0.jpg"
"VC:0013","/373_1.jpg"
"VC:0013","/373_2.jpg"
"VC:0014","/374_0.jpg"
"VC:0014","/374_1.jpg"
"VC:0014","/374_2.jpg"
"VC:0014","/374_3.jpg"
"VC:0014","/374_4.jpg"
"VC:0015","/375_0.jpg"
"VC:0015","/375_1.jpg"
"VC:0015","/375_2.jpg"
"VC:0015","/375_3.jpg"
"VC:0015","/375_4.jpg"
"VU:0032","/377_0.jpg"
"VU:0032","/377_1.jpg"
"VU:0032","/377_2.jpg"
"VU:0032","/377_3.jpg"
"VU:0032","/377_4.jpg"
"VU:0033","/379_0.jpg"
"VU:0036","/382_0.jpg"
"VU:0037","/383_0.jpg"
"VU:0037","/383_1.jpg"
"VU:0037","/383_2.jpg"
"VU:0038","/384_0.jpg"
"VU:0038","/384_1.jpg"
"VU:0039","/385_0.jpg"
"VU:0039","/385_1.jpg"
"VU:0040","/386_0.jpg"
"VU:0040","/386_1.jpg"
"VU:0040","/386_2.jpg"
"VU:0041","/387_0.jpg"
"VU:0042","/388_0.jpg"
"VU:0043","/389_0.jpg"
"VU:0043","/389_1.jpg"
"VC:0016","/390_0.jpg"
"VC:0016","/390_1.jpg"
"VC:0017","/391_0.jpg"
"VC:0018","/392_0.jpg"
"VC:0018","/392_1.jpg"
"VC:0018","/392_2.jpg"
"VC:0018","/392_3.jpg"
"VC:0018","/392_4.jpg"
"VC:0019","/393_0.jpg"
"VU:0044","/394_0.jpg"
"VU:0044","/394_1.jpg"
"VU:0044","/394_2.jpg"
"VU:0044","/394_3.jpg"
"VU:0044","/394_4.jpg"
"VC:0020","/395_0.jpg"
"VC:0021","/396_0.jpg"
"H:0022","/397_0.jpg"
"H:0022","/397_1.jpg"
"VC:0022","/398_0.jpg"
"VC:0022","/398_1.jpg"
"VC:0022","/398_2.jpg"
"VC:0022","/398_3.jpg"
"VC:0022","/398_4.jpg"
"VC:0022","/398_5.jpg"
"VC:0023","/399_0.jpg"
"VC:0023","/399_1.jpg"
"VC:0023","/399_2.jpg"
"VC:0023","/399_3.jpg"
"VC:0024","/400_0.jpg"
"VC:0024","/400_1.jpg"
"VC:0024","/400_2.jpg"
"VC:0024","/400_3.jpg"
"VU:0045","/401_0.jpeg"
"VU:0045","/401_1.jpg"
"VU:0045","/401_2.jpg"
"VU:0045","/401_3.jpg"
"VU:0045","/401_4.jpg"
"VU:0045","/401_5.jpg"
"VU:0045","/401_6.jpg"
"VC:0025","/402_0.jpg"
"VC:0025","/402_1.jpg"
"VC:0025","/402_2.jpg"
"VC:0025","/402_3.jpg"
"VC:0025","/402_4.jpg"
"VC:0026","/403_0.jpg"
"VC:0026","/403_1.jpg"
"VC:0026","/403_2.jpg"
"VC:0026","/403_3.jpg"
"VC:0026","/403_4.jpg"
"VC:0026","/403_5.jpg"
"VC:0027","/404_0.jpg"
"VC:0027","/404_1.jpg"
"VC:0027","/404_2.jpg"
"VC:0027","/404_3.jpg"
"VC:0027","/404_4.jpg"
"VC:0027","/404_5.jpg"
"VC:0028","/405_0.jpg"
"VC:0028","/405_1.jpg"
"VC:0028","/405_2.jpg"
"VC:0028","/405_3.jpg"
"VC:0029","/406_0.jpg"
"VC:0029","/406_1.jpg"
"VC:0029","/406_2.jpg"
"VC:0029","/406_3.jpg"
"VC:0029","/406_4.jpg"
"VC:0029","/406_5.jpg"
"VC:0030","/407_0.jpg"
"VC:0030","/407_1.jpg"
"VC:0030","/407_2.jpg"
"VC:0030","/407_3.jpg"
"VC:0030","/407_4.jpg"
"VU:0046","/408_0.jpg"
"VU:0046","/408_1.jpg"
"VU:0046","/408_2.jpg"
"VU:0046","/408_3.jpg"
"VU:0046","/408_4.jpg"
"VU:0046","/408_5.jpg"
"VU:0046","/408_6.jpg"
"VC:0031","/409_0.jpg"
"VC:0031","/409_1.jpg"
"VC:0031","/409_2.jpg"
"VC:0031","/409_3.jpg"
"VC:0032","/410_0.jpg"
"VC:0033","/411_0.jpg"
"VC:0033","/411_1.jpg"
"VC:0033","/411_2.jpg"
"VC:0033","/411_3.jpg"
"VC:0035","/413_0.jpg"
"VC:0036","/414_0.jpg"
"VC:0036","/414_1.jpg"
"VC:0036","/414_2.jpg"
"VC:0036","/414_3.jpg"
"VC:0036","/414_4.jpg"
"VC:0036","/414_5.jpg"
"VC:0037","/415_0.jpg"
"VC:0037","/415_1.jpg"
"VC:0037","/415_2.jpg"
"VC:0037","/415_3.jpg"
"VC:0037","/415_4.jpg"
"VC:0037","/415_5.jpg"
"VC:0038","/416_0.jpg"
"VC:0038","/416_1.jpg"
"VC:0038","/416_2.jpg"
"VC:0038","/416_3.jpg"
"VC:0039","/417_0.jpg"
"VC:0039","/417_1.jpg"
"VC:0039","/417_2.jpg"
"VC:0039","/417_3.jpg"
"VC:0039","/417_4.jpg"
"VC:0039","/417_5.jpg"
"VC:0040","/418_0.jpg"
"VC:0040","/418_1.jpg"
"VC:0040","/418_2.jpg"
"VC:0040","/418_3.jpg"
"VC:0040","/418_4.jpg"
"VC:0041","/419_0.jpg"
"VC:0041","/419_1.jpg"
"VC:0041","/419_2.jpg"
"VC:0041","/419_3.jpg"
"VC:0041","/419_4.jpg"
"VC:0041","/419_5.jpg"
"VC:0042","/420_0.jpg"
"VC:0042","/420_1.jpg"
"VC:0042","/420_2.jpg"
"VC:0042","/420_3.jpg"
"VC:0043","/421_0.jpg"
"VC:0043","/421_1.jpg"
"VC:0043","/421_2.jpg"
"VC:0043","/421_3.jpg"
"VC:0044","/422_0.jpg"
"VC:0044","/422_1.jpg"
"VC:0044","/422_2.jpg"
"VC:0044","/422_3.jpg"
"VC:0044","/422_4.jpg"
"VC:0045","/423_0.jpg"
"VC:0045","/423_1.jpg"
"VC:0045","/423_2.jpg"
"VC:0046","/424_0.jpg"
"VC:0046","/424_1.jpg"
"VC:0046","/424_2.jpg"
"VC:0046","/424_3.jpg"
"VC:0046","/424_4.jpg"
"VC:0046","/424_5.jpg"
"VC:0047","/425_0.jpg"
"VU:0047","/426_0.jpg"
"VU:0047","/426_1.jpg"
"VU:0047","/426_2.jpg"
"VU:0047","/426_3.jpg"
"VU:0047","/426_4.jpg"
"VU:0048","/427_0.jpg"
"VU:0048","/427_1.jpg"
"VU:0048","/427_2.jpg"
"VU:0048","/427_3.jpg"
"VU:0048","/427_4.jpg"
"VU:0048","/427_5.jpg"
"VU:0048","/427_6.jpg"
"VU:0049","/428_0.jpg"
"VU:0049","/428_1.jpg"
"VU:0049","/428_2.jpg"
"VU:0049","/428_3.jpg"
"VU:0050","/429_0.jpg"
"VU:0050","/429_1.jpg"
"VU:0050","/429_2.jpg"
"VU:0050","/429_3.jpg"
"VU:0050","/429_4.jpg"
"VU:0050","/429_5.jpg"
"VU:0050","/429_6.jpg"
"VU:0051","/430_0.jpeg"
"VU:0051","/430_1.jpg"
"VU:0051","/430_2.jpg"
"VU:0051","/430_3.jpg"
"VU:0051","/430_4.jpg"
"VU:0051","/430_5.jpg"
"VU:0051","/430_6.jpg"
"VU:0052","/431_0.jpg"
"VU:0052","/431_1.gif"
"VU:0053","/432_0.jpg"
"VU:0053","/432_1.gif"
"MT:0000","/433_0.jpg"
"MT:0001","/434_0.jpg"
"MT:0002","/435_0.jpg"
"MT:0004","/437_0.jpg"
"MT:0005","/438_0.jpg"
"MT:0006","/439_0.jpg"
"MT:0006","/439_1.jpg"
"MT:0008","/441_0.jpg"
"MT:0009","/442_0.jpg"
"MT:0010","/443_0.jpg"
"MT:0011","/444_0.jpg"
"MT:0012","/445_0.jpg"
"MT:0013","/446_0.jpg"
"MT:0014","/447_0.jpg"
"MT:0015","/448_0.jpg"
"MT:0016","/449_0.jpg"
"MT:0017","/450_0.jpg"
"MT:0018","/451_0.jpg"
"MT:0019","/452_0.jpg"
"MT:0020","/453_0.jpg"
"MT:0021","/454_0.jpg"
"MT:0022","/455_0.jpg"
"MT:0023","/456_0.jpg"
"MT:0024","/457_0.jpg"
"MT:0025","/458_0.jpg"
"MT:0026","/459_0.jpg"
"MT:0027","/460_0.jpg"
"MT:0028","/461_0.jpg"
"MT:0029","/462_0.jpg"
"MT:0030","/463_0.jpg"
"MT:0031","/464_0.jpg"
"MT:0032","/465_0.jpg"
"MT:0033","/466_0.jpg"
"MT:0034","/467_0.jpg"
"MT:0035","/468_0.jpg"
"MT:0036","/469_0.jpg"
"MT:0037","/470_0.jpg"
"MT:0038","/471_0.jpg"
"MT:0039","/472_0.jpg"
"MT:0040","/473_0.jpg"
"MT:0041","/474_0.jpg"
"MT:0042","/475_0.jpg"
"MT:0043","/476_0.jpg"
"MT:0044","/477_0.jpg"
"MT:0045","/478_0.jpg"
"MT:0046","/479_0.jpg"
"MT:0047","/480_0.jpg"
"MT:0048","/481_0.jpg"
"MT:0049","/482_0.jpg"
"MT:0050","/483_0.jpg"
"MT:0051","/484_0.jpg"
"MT:0052","/485_0.jpg"
"MT:0053","/486_0.jpg"
"MT:0054","/487_0.jpg"
"MT:0055","/488_0.jpg"
"MT:0056","/489_0.jpg"
"MT:0057","/490_0.jpg"
"MT:0058","/491_0.jpg"
"MT:0059","/492_0.jpg"
"MT:0060","/493_0.jpg"
"MT:0061","/494_0.jpg"
"MT:0063","/499_0.jpg"
"MT:0064","/502_0.jpg"
"MT:0065","/503_0.jpg"
"MT:0066","/504_0.jpg"
"MT:0067","/505_0.jpg"
"H:0023","/506_0.jpg"
"H:0023","/506_1.png"
"H:0025","/508_0.jpg"
"H:0025","/508_1.png"
"PU:D:0156","/509_0.jpg"
"PU:D:0156","/509_1.jpg"
"PU:D:0156","/509_2.jpg"
"PU:D:0156","/509_3.jpg"
"PU:D:0156","/509_4.jpg"
"PU:D:0156","/509_5.jpg"
"PU:D:0156","/509_6.jpg"
"PU:D:0156","/509_7.jpg"
"PU:D:0157","/510_0.jpg"
"PU:D:0157","/510_1.jpg"
"PU:D:0157","/510_2.jpg"
"PU:D:0157","/510_3.jpg"
"PU:D:0157","/510_4.jpg"
"PU:D:0158","/511_0.jpg"
"PU:D:0158","/511_1.jpg"
"PU:D:0158","/511_2.jpg"
"PU:D:0158","/511_3.jpg"
"PU:D:0158","/511_4.jpg"
"PU:D:0158","/511_5.jpg"
"PU:D:0158","/511_6.jpg"
"PU:D:0158","/511_7.jpg"
"PU:D:0159","/512_0.jpg"
"PU:D:0159","/512_1.jpg"
"PU:D:0159","/512_2.jpg"
"PU:D:0159","/512_3.png"
"PU:D:0160","/513_0.jpg"
"PU:D:0160","/513_1.jpg"
"PU:D:0160","/513_2.jpg"
"PU:D:0160","/513_3.jpg"
"PU:D:0160","/513_4.jpg"
"PU:D:0161","/514_0.jpg"
"PU:D:0162","/515_0.jpg"
"PU:D:0162","/515_1.jpg"
"PU:D:0162","/515_2.jpg"
"PU:D:0162","/515_3.jpg"
"PU:D:0162","/515_4.jpg"
"PU:D:0162","/515_5.jpg"
"PU:D:0162","/515_6.jpg"
"PU:D:0162","/515_7.jpg"
"PU:D:0162","/515_8.jpg"
"PU:D:0166","/519_0.jpg"
"PU:D:0166","/519_1.jpg"
"PU:D:0166","/519_2.jpg"
"PU:D:0166","/519_3.jpg"
"PU:D:0166","/519_4.jpg"
"PU:D:0166","/519_5.jpg"
"PU:D:0166","/519_6.jpg"
"PU:D:0171","/524_0.jpg"
"PU:D:0171","/524_1.jpg"
"PU:W:0013","/528_0.jpg"
"PU:W:0013","/528_1.jpg"
"PU:W:0014","/529_0.jpg"
"PU:W:0014","/529_1.jpg"
"PU:W:0014","/529_2.jpg"
"PU:W:0014","/529_3.jpg"
"PU:W:0015","/530_0.jpg"
"PU:W:0015","/530_1.jpg"
"PU:W:0015","/530_2.jpg"
"PU:W:0015","/530_3.jpg"
"PU:W:0016","/531_0.jpg"
"PU:W:0016","/531_1.jpg"
"PU:W:0016","/531_2.jpg"
"PU:W:0016","/531_3.jpg"
"PU:D:0175","/536_0.jpg"
"PU:D:0176","/537_0.jpg"
"PU:D:0176","/537_1.jpg"
"PU:D:0177","/538_0.jpg"
"PU:D:0178","/539_0.jpg"
"PU:W:0021","/540_0.jpg"
"PU:W:0021","/540_1.png"
"PU:W:0022","/541_0.jpg"
"PU:W:0022","/541_1.png"
"PU:D:0179","/542_0.jpg"
"PU:D:0179","/542_1.jpg"
"PU:D:0180","/543_0.jpg"
"PU:D:0180","/543_1.jpg"
"PU:W:0023","/544_0.png"
"VU:0054","/546_0.jpg"
"VU:0055","/547_0.jpg"
"VU:0056","/548_0.jpg"
"VU:0057","/549_0.jpg"
"VU:0057","/549_1.jpg"
"PU:D:0181","/550_0.png"
"PU:D:0182","/551_0.png"
"PU:D:0183","/552_0.png"
"PU:D:0184","/553_0.png"
"VC:0048","/554_0.jpg"
"PU:D:0185","/555_0.png"
"VC:0049","/556_0.jpg"
"VC:0049","/556_1.jpg"
"PU:D:0186","/557_0.jpg"
"PU:D:0186","/557_1.gif"
"VC:0050","/558_0.jpg"
"VC:0051","/559_0.jpg"
"VC:0051","/559_1.jpg"
"PU:D:0187","/560_0.jpg"
"PU:D:0188","/561_0.jpg"
"PU:D:0189","/562_0.jpg"
"PU:D:0193","/566_0.jpeg"
"PU:D:0193","/566_1.gif"
"PU:D:0194","/567_0.jpg"
"PU:D:0194","/567_1.jpg"
"PU:D:0194","/567_2.jpg"
"PU:D:0195","/568_0.png"
"PU:D:0196","/569_0.jpg"
"PU:D:0196","/569_1.png"
"PU:D:0197","/570_0.png"
"PU:D:0197","/570_1.png"
"PU:D:0198","/571_0.jpeg"
"PU:D:0198","/571_1.png"
"PU:D:0198","/571_2.png"
"PU:D:0199","/572_0.jpg"
"PU:D:0199","/572_1.png"
"PU:D:0200","/573_0.jpg"
"PU:D:0200","/573_1.png"
"PU:D:0201","/574_0.jpg"
"PU:D:0202","/575_0.jpg"
"PU:D:0202","/575_1.png"
"PU:D:0203","/576_0.jpg"
"PU:D:0204","/577_0.jpg"
"PU:D:0205","/578_0.jpg"
"PU:D:0205","/578_1.jpg"
"PU:D:0205","/578_2.jpg"
"PU:D:0206","/579_0.jpg"
"PU:D:0206","/579_1.jpg"
"PU:D:0206","/579_2.jpg"
"PU:D:0206","/579_3.jpg"
"PU:D:0207","/580_0.jpg"
"PU:D:0208","/581_0.jpg"
"VU:0059","/583_0.jpg"
"VU:0059","/583_1.jpg"
"VU:0059","/583_2.jpg"
"VU:0061","/591_0.jpg"
"VU:0061","/591_1.jpg"
"VB:0011","/592_0.gif"
"VB:0012","/593_0.gif"
"EP:0069","/594_0.jpg"
"EP:0069","/594_1.jpg"
"EP:0069","/594_2.jpg"
"EP:0069","/594_3.jpg"
"EP:0070","/595_0.jpg"
"EP:0070","/595_1.jpg"
"EP:0070","/595_2.jpg"
"EP:0070","/595_3.jpg"
"EP:0010","/596_0.jpg"
"EP:0010","/596_1.jpg"
"EP:0071","/597_0.jpg"
"EP:0071","/597_1.jpg"
"EP:0071","/597_2.jpg"
"EP:0071","/597_3.jpg"
"EP:0071","/597_4.jpg"
"EP:0071","/597_5.jpg"
"EP:0071","/597_6.jpg"
"EP:0072","/598_0.jpg"
"EP:0072","/598_1.jpg"
"EP:0072","/598_2.jpg"
"EP:0072","/598_3.jpg"
"EP:0072","/598_4.jpg"
"EP:0072","/598_5.jpg"
"EP:0072","/598_6.jpg"
"EP:0073","/599_0.jpg"
"EP:0073","/599_1.jpg"
"EP:0073","/599_2.jpg"
"EP:0073","/599_3.jpg"
"EP:0073","/599_4.jpg"
"EP:0073","/599_5.jpg"
"EP:0073","/599_6.jpg"
"EP:0011","/600_0.jpeg"
"EP:0012","/601_0.jpeg"
"EP:0014","/603_0.jpg"
"EP:0016","/605_0.jpeg"
"EP:0017","/606_0.jpeg"
"EP:0017","/606_1.jpg"
"EP:0018","/607_0.jpeg"
"EP:0074","/608_0.jpg"
"EP:0019","/609_0.jpeg"
"EP:0019","/609_1.png"
"EP:0020","/610_0.jpeg"
"EP:0021","/611_0.jpg"
"EP:0021","/611_1.jpg"
"EP:0022","/612_0.jpeg"
"EP:0022","/612_1.jpg"
"EP:0023","/613_0.jpg"
"EP:0024","/614_0.jpg"
"EP:0024","/614_1.jpg"
"EP:0026","/616_0.jpg"
"EP:0026","/616_1.jpg"
"EP:0026","/616_2.jpg"
"EP:0027","/617_0.jpg"
"EP:0075","/618_0.jpeg"
"TP:0009","/619_0.jpg"
"TP:0009","/619_1.png"
"TP:0010","/620_0.png"
"TP:0010","/620_1.png"
"TP:0011","/621_0.jpg"
"TP:0012","/622_0.jpg"
"TP:0013","/623_0.jpg"
"TP:0014","/624_0.jpg"
"TP:0014","/624_1.jpg"
"TP:0014","/624_2.jpg"
"TP:0014","/624_3.jpg"
"TP:0015","/625_0.jpeg"
"TP:0016","/626_0.jpg"
"TP:0016","/626_1.jpg"
"TP:0016","/626_2.jpg"
"TP:0017","/627_0.jpg"
"TP:0017","/627_1.jpg"
"TP:0017","/627_2.jpg"
"TP:0017","/627_3.png"
"TP:0017","/627_4.png"
"TP:0018","/628_0.jpg"
"TP:0019","/629_0.jpg"
"TP:0020","/630_0.jpeg"
"TP:0021","/631_0.jpeg"
"TP:0022","/632_0.jpg"
"TP:0022","/632_1.jpg"
"W:0012","/633_0.jpeg"
"W:0013","/634_0.jpeg"
"W:0014","/635_0.jpeg"
"W:0014","/635_1.jpg"
"W:0015","/636_0.jpeg"
"W:0016","/637_0.jpeg"
"W:0017","/638_0.jpeg"
"W:0018","/639_0.jpeg"
"W:0019","/640_0.jpg"
"W:0020","/641_0.jpeg"
"W:0021","/642_0.jpeg"
"W:0023","/644_0.jpeg"
"W:0024","/645_0.jpeg"
"W:0027","/648_0.jpeg"
"W:0029","/650_0.png"
"EP:0028","/653_0.jpg"
"EP:0028","/653_1.jpg"
"EP:0028","/653_2.jpg"
"EP:0028","/653_3.jpg"
"EP:0028","/653_4.jpg"
"EP:0028","/653_5.jpg"
"EP:0028","/653_6.jpg"
"EP:0028","/653_7.jpg"
"EP:0029","/656_0.jpg"
"EP:0029","/656_1.jpg"
"EP:0029","/656_2.jpg"
"EP:0029","/656_3.jpg"
"EP:0029","/656_4.jpg"
"EP:0029","/656_5.jpg"
"EP:0029","/656_6.jpg"
"EP:0029","/656_7.jpg"
"W:0033","/657_0.jpeg"
"W:0034","/658_0.jpeg"
"W:0039","/663_0.png"
"W:0041","/665_0.jpg"
"W:0043","/667_0.jpeg"
"W:0043","/667_1.jpeg"
"W:0043","/667_2.jpeg"
"W:0052","/676_0.jpg"
"W:0052","/676_1.jpg"
"W:0055","/679_0.jpg"
"W:0055","/679_1.jpg"
"W:0065","/691_0.jpeg"
"W:0066","/692_0.jpeg"
"H:0026","/695_0.jpg"
"H:0027","/696_0.jpg"
"H:0028","/697_0.jpg"
"EP:0049","/714_0.jpg"
"EP:0051","/716_0.jpeg"
"EP:0051","/716_1.jpg"
"EP:0052","/717_0.jpg"
"EP:0052","/717_1.jpg"
"H:0029","/720_0.jpg"
"H:0029","/720_1.jpg"
"WI:0017","/722_0.jpg"
"WI:0017","/722_1.jpg"
"WI:0017","/722_2.jpg"
"WI:0017","/722_3.jpg"
"WI:0018","/725_0.jpg"
"WI:0018","/725_1.jpg"
"H:0033","/726_0.png"
"H:0034","/727_0.png"
"H:0035","/728_0.png"
"H:0036","/729_0.jpg"
"H:0037","/730_0.jpg"
"H:0038","/731_0.jpg"
"H:0039","/732_0.jpg"
"H:0040","/733_0.jpg"
"H:0041","/734_0.jpg"
"H:0042","/735_0.jpg"
"WI:0019","/736_0.jpg"
"WI:0019","/736_1.jpg"
"WI:0020","/737_0.jpg"
"WI:0020","/737_1.jpg"
"WI:0021","/738_0.jpg"
"WI:0021","/738_1.jpg"
"WI:0022","/739_0.jpg"
"WI:0022","/739_1.jpg"
"AD:0004","/740_0.jpg"
"AD:0004","/740_1.jpg"
"AD:0004","/740_2.jpg"
"AD:0004","/740_3.jpg"
"AD:0005","/741_0.jpg"
"AD:0005","/741_1.jpg"
"AD:0005","/741_2.jpg"
"AD:0005","/741_3.jpg"
"AD:0006","/742_0.jpg"
"AD:0006","/742_1.jpg"
"AD:0007","/743_0.jpg"
"AD:0007","/743_1.jpg"
"AD:0008","/744_0.jpg"
"AD:0008","/744_1.jpg"
"AD:0008","/744_2.jpg"
"AD:0008","/744_3.jpg"
"AD:0008","/744_4.jpg"
"AD:0008","/744_5.jpg"
"AD:0008","/744_6.jpg"
"AD:0009","/745_0.jpg"
"AD:0009","/745_1.jpg"
"AD:0009","/745_2.jpg"
"AD:0009","/745_3.jpg"
"AD:0009","/745_4.jpg"
"AD:0009","/745_5.jpg"
"AD:0009","/745_6.jpg"
"AD:0010","/746_0.jpg"
"AD:0010","/746_1.jpg"
"AD:0011","/747_0.jpg"
"AD:0011","/747_1.jpg"
"AD:0012","/748_0.jpg"
"AD:0012","/748_1.jpg"
"AD:0013","/749_0.jpg"
"AD:0013","/749_1.jpg"
"AD:0014","/750_0.jpg"
"AD:0014","/750_1.jpg"
"WI:0023","/751_0.jpg"
"WI:0023","/751_1.jpg"
"WI:0024","/752_0.jpg"
"WI:0024","/752_1.jpg"
"WI:0025","/753_0.jpg"
"WI:0025","/753_1.jpg"
"WI:0025","/753_2.jpg"
"WI:0025","/753_3.jpg"
"WI:0026","/754_0.jpg"
"WI:0026","/754_1.jpg"
"WI:0026","/754_2.jpg"
"WI:0026","/754_3.jpg"
"WI:0027","/755_0.jpg"
"WI:0027","/755_1.jpg"
"WI:0028","/756_0.jpg"
"WI:0028","/756_1.jpg"
"WI:0029","/757_0.jpg"
"WI:0029","/757_1.jpg"
"WI:0030","/759_0.jpg"
"WI:0030","/759_1.jpg"
"WI:0030","/759_2.jpg"
"WI:0030","/759_3.jpg"
"WI:0030","/759_4.jpg"
"WI:0031","/760_0.jpg"
"WI:0031","/760_1.jpg"
"WI:0031","/760_2.jpg"
"WI:0031","/760_3.jpg"
"WI:0031","/760_4.jpg"
"WI:0032","/761_0.jpg"
"WI:0032","/761_1.jpg"
"WI:0032","/761_2.jpg"
"WI:0032","/761_3.jpg"
"WI:0032","/761_4.jpg"
"WI:0050","/779_0.jpg"
"WI:0050","/779_1.jpg"
"WI:0050","/779_2.jpg"
"WI:0050","/779_3.jpg"
"DT:0005","/787_0.jpg"
"DT:0006","/788_0.jpg"
"IT:0001","/789_0.jpg"
"BT:0014","/792_0.jpg"
"BT:0024","/802_0.jpg"
"BR:0012","/803_0.jpg"
"BR:0012","/803_1.jpg"
"VU:0062","/810_0.jpg"
"BR:0018","/818_0.jpg"
"BR:0019","/819_0.jpg"
"BR:0021","/821_0.jpg"
"TP:0023","/829_0.jpg"
"TP:0023","/829_1.jpg"
"TP:0024","/832_0.jpg"
"TP:0024","/832_1.jpg"
"EP:0055","/833_0.jpg"
"EP:0056","/834_0.jpg"
"EP:0057","/835_0.jpg"
"EP:0058","/836_0.jpg"
"EP:0058","/836_1.jpg"
"EP:0059","/837_0.jpg"
"EP:0060","/838_0.jpg"
"W:0067","/839_0.jpeg"
"BT:0031","/840_0.jpg"
"BT:0032","/842_0.jpg"
"BT:0033","/843_0.jpg"
"BG:0000","/844_0.jpg"
"BG:0001","/845_0.jpg"
"BG:0002","/846_0.jpg"
"BG:0004","/849_0.jpg"
"F:0003","/852_0.jpg"
"F:0003","/852_1.jpg"
"F:0003","/852_2.jpg"
"F:0004","/853_0.jpg"
"F:0004","/853_1.jpg"
"F:0004","/853_2.jpg"
"F:0005","/854_0.jpg"
"F:0005","/854_1.jpg"
"F:0005","/854_2.jpg"
"BG:0005","/855_0.jpg"
"F:0006","/856_0.jpg"
"F:0006","/856_1.jpg"
"F:0006","/856_2.jpg"
"BG:0006","/857_0.jpg"
"BG:0007","/858_0.jpg"
"F:0007","/859_0.jpg"
"F:0007","/859_1.jpg"
"BG:0008","/860_0.jpg"
"F:0008","/861_0.jpg"
"F:0008","/861_1.jpg"
"F:0008","/861_2.jpg"
"BG:0009","/862_0.jpg"
"F:0009","/863_0.jpg"
"F:0009","/863_1.jpg"
"F:0009","/863_2.jpg"
"BG:0010","/864_0.jpg"
"BG:0011","/865_0.jpg"
"BG:0012","/867_0.jpg"
"BG:0012","/867_1.jpg"
"F:0010","/869_0.jpg"
"F:0010","/869_1.jpg"
"F:0010","/869_2.jpg"
"F:0010","/869_3.jpg"
"F:0011","/870_0.jpg"
"F:0011","/870_1.jpg"
"F:0011","/870_2.jpg"
"F:0011","/870_3.jpg"
"BG:0013","/872_0.jpg"
"F:0012","/873_0.jpg"
"BG:0014","/874_0.jpg"
"F:0013","/875_0.jpg"
"BG:0015","/876_0.jpg"
"BG:0016","/877_0.jpg"
"F:0014","/881_0.jpg"
"BG:0017","/884_0.jpg"
"F:0015","/885_0.jpg"
"BG:0018","/886_0.jpg"
"BG:0019","/887_0.jpg"
"BG:0020","/888_0.jpg"
"BG:0021","/889_0.jpg"
"BG:0022","/890_0.jpg"
"F:0016","/891_0.jpg"
"BG:0023","/892_0.jpg"
"F:0017","/893_0.jpg"
"BG:0024","/894_0.jpg"
"BG:0025","/895_0.jpg"
"F:0018","/896_0.jpg"
"F:0018","/896_1.jpg"
"F:0018","/896_2.jpg"
"F:0019","/897_0.jpg"
"F:0019","/897_1.jpg"
"F:0019","/897_2.jpg"
"F:0020","/898_0.jpg"
"F:0021","/899_0.jpg"
"F:0022","/900_0.jpg"
"F:0022","/900_1.jpg"
"F:0022","/900_2.jpg"
"F:0023","/901_0.jpg"
"F:0023","/901_1.jpg"
"F:0023","/901_2.jpg"
"F:0024","/902_0.jpg"
"F:0024","/902_1.jpg"
"F:0024","/902_2.jpg"
"F:0025","/903_0.jpg"
"F:0025","/903_1.jpg"
"F:0025","/903_2.jpg"
"F:0026","/905_0.jpg"
"F:0026","/905_1.jpg"
"F:0027","/906_0.jpg"
"F:0027","/906_1.jpg"
"F:0027","/906_2.jpg"
"F:0028","/907_0.jpg"
"F:0028","/907_1.jpg"
"F:0028","/907_2.jpg"
"F:0029","/908_0.jpg"
"F:0030","/909_0.jpg"
"F:0031","/910_0.jpg"
"F:0031","/910_1.jpg"
"F:0031","/910_2.jpg"
"F:0032","/911_0.jpg"
"F:0032","/911_1.jpg"
"F:0033","/912_0.jpg"
"F:0033","/912_1.jpg"
"F:0033","/912_2.jpg"
"F:0034","/913_0.jpg"
"F:0034","/913_1.jpg"
"F:0034","/913_2.jpg"
"F:0035","/914_0.jpg"
"F:0035","/914_1.jpg"
"F:0035","/914_2.jpg"
"F:0036","/915_0.jpg"
"F:0036","/915_1.jpg"
"F:0036","/915_2.jpg"
"F:0036","/915_3.jpg"
"F:0037","/916_0.jpg"
"F:0037","/916_1.jpg"
"F:0038","/917_0.jpg"
"F:0038","/917_1.jpg"
"F:0039","/918_0.jpg"
"F:0039","/918_1.jpg"
"BG:0026","/919_0.jpg"
"BG:0027","/920_0.jpg"
"BG:0027","/920_1.png"
"BG:0028","/922_0.jpg"
"BG:0028","/922_1.png"
"BG:0029","/923_0.jpg"
"BG:0029","/923_1.png"
"BG:0030","/925_0.jpg"
"BG:0030","/925_1.jpg"
"BG:0031","/926_0.jpg"
"BG:0031","/926_1.jpg"
"BG:0032","/927_0.jpg"
"BG:0032","/927_1.jpg"
"BG:0033","/928_0.jpg"
"BG:0034","/930_0.jpg"
"BG:0035","/931_0.jpg"
"BG:0035","/931_1.jpg"
"BG:0036","/932_0.jpg"
"BG:0036","/932_1.jpg"
"BG:0037","/933_0.jpg"
"BG:0038","/935_0.jpg"
"BG:0039","/936_0.jpg"
"BG:0039","/936_1.jpg"
"BG:0040","/937_0.jpg"
"BG:0040","/937_1.jpg"
"BG:0041","/938_0.jpg"
"BG:0042","/939_0.jpg"
"BG:0042","/939_1.jpg"
"F:0040","/940_0.jpg"
"F:0040","/940_1.jpg"
"F:0041","/941_0.jpg"
"F:0041","/941_1.jpg"
"F:0042","/942_0.jpg"
"F:0043","/943_0.jpg"
"F:0043","/943_1.jpg"
"F:0043","/943_2.jpg"
"BG:0043","/944_0.jpg"
"BG:0044","/947_0.jpg"
"F:0044","/948_0.jpg"
"F:0044","/948_1.jpg"
"F:0044","/948_2.jpg"
"BG:0045","/949_0.jpg"
"F:0045","/952_0.jpg"
"F:0045","/952_1.jpg"
"F:0045","/952_2.jpg"
"F:0046","/953_0.jpg"
"F:0046","/953_1.jpg"
"F:0046","/953_2.jpg"
"F:0047","/954_0.jpg"
"F:0047","/954_1.jpg"
"F:0048","/955_0.jpg"
"F:0048","/955_1.jpg"
"F:0049","/956_0.jpg"
"F:0050","/957_0.jpg"
"F:0051","/958_0.jpg"
"F:0052","/959_0.jpg"
"F:0053","/960_0.jpg"
"F:0053","/960_1.jpg"
"F:0053","/960_2.jpg"
"F:0054","/961_0.jpg"
"F:0054","/961_1.jpg"
"F:0054","/961_2.jpg"
"F:0055","/962_0.jpg"
"F:0056","/963_0.jpg"
"F:0057","/964_0.jpg"
"F:0057","/964_1.jpg"
"F:0058","/965_0.jpg"
"F:0059","/966_0.jpg"
"F:0060","/967_0.jpg"
"F:0060","/967_1.png"
"F:0061","/968_0.jpg"
"F:0061","/968_1.jpg"
"F:0061","/968_2.jpg"
"F:0062","/969_0.jpg"
"F:0062","/969_1.jpg"
"F:0063","/970_0.jpg"
"F:0063","/970_1.jpg"
"F:0065","/972_0.jpg"
"F:0066","/973_0.jpg"
"F:0066","/973_1.jpg"
"F:0072","/980_0.jpg"
"F:0073","/981_0.jpg"
"F:0074","/983_0.jpg"
"F:0075","/984_0.jpg"
"F:0079","/988_0.jpg"
"F:0082","/991_0.jpg"
"F:0086","/996_0.png"
"F:0086","/996_1.png"
"F:0087","/997_0.png"
"F:0087","/997_1.png"
"F:0088","/998_0.jpg"
"F:0088","/998_1.png"
"F:0089","/999_0.png"
"F:0090","/1000_0.png"
"F:0091","/1001_0.png"
"F:0092","/1002_0.png"
"F:0093","/1003_0.png"
"F:0093","/1003_1.png"
"F:0094","/1004_0.png"
"F:0095","/1005_0.png"
"F:0096","/1006_0.png"
"F:0097","/1007_0.png"
"F:0098","/1008_0.png"
"BG:0046","/1009_0.jpg"
"F:0099","/1010_0.png"
"F:0100","/1011_0.png"
"F:0101","/1013_0.png"
"F:0102","/1014_0.png"
"F:0103","/1015_0.png"
"F:0104","/1016_0.png"
"F:0105","/1017_0.png"
"F:0106","/1018_0.png"
"F:0107","/1019_0.png"
"F:0107","/1019_1.png"
"F:0108","/1020_0.png"
"F:0109","/1021_0.png"
"F:0109","/1021_1.png"
"F:0110","/1022_0.png"
"F:0110","/1022_1.png"
"F:0111","/1023_0.png"
"F:0112","/1024_0.png"
"F:0113","/1025_0.png"
"F:0114","/1026_0.png"
"F:0114","/1026_1.png"
"F:0115","/1027_0.png"
"F:0116","/1028_0.png"
"F:0116","/1028_1.png"
"F:0117","/1029_0.png"
"F:0118","/1030_0.png"
"F:0119","/1031_0.jpg"
"F:0119","/1031_1.png"
"F:0119","/1031_2.png"
"F:0120","/1032_0.png"
"F:0121","/1033_0.png"
"F:0122","/1034_0.png"
"F:0123","/1035_0.png"
"F:0124","/1036_0.png"
"F:0124","/1036_1.png"
"F:0125","/1037_0.png"
"F:0126","/1038_0.png"
"F:0127","/1039_0.png"
"F:0128","/1040_0.png"
"F:0129","/1041_0.png"
"F:0130","/1042_0.png"
"F:0130","/1042_1.png"
"F:0131","/1043_0.png"
"F:0132","/1044_0.png"
"F:0132","/1044_1.png"
"F:0133","/1045_0.png"
"F:0134","/1046_0.png"
"F:0135","/1047_0.png"
"F:0136","/1048_0.png"
"F:0137","/1049_0.png"
"F:0138","/1050_0.png"
"F:0138","/1050_1.png"
"F:0139","/1051_0.png"
"F:0140","/1052_0.png"
"F:0141","/1053_0.png"
"F:0142","/1054_0.png"
"F:0143","/1055_0.png"
"F:0144","/1056_0.png"
"F:0145","/1057_0.png"
"F:0146","/1058_0.png"
"F:0147","/1059_0.png"
"F:0148","/1060_0.jpg"
"F:0148","/1060_1.png"
"F:0149","/1061_0.png"
"F:0150","/1062_0.png"
"F:0151","/1063_0.png"
"F:0152","/1064_0.png"
"F:0153","/1065_0.png"
"F:0154","/1066_0.png"
"F:0155","/1067_0.png"
"F:0156","/1068_0.png"
"F:0157","/1069_0.png"
"F:0158","/1070_0.png"
"F:0159","/1071_0.png"
"F:0159","/1071_1.png"
"F:0160","/1072_0.png"
"F:0161","/1073_0.png"
"F:0162","/1074_0.png"
"F:0163","/1075_0.png"
"F:0164","/1076_0.jpg"
"F:0165","/1077_0.jpg"
"F:0166","/1078_0.jpg"
"F:0167","/1079_0.jpg"
"F:0168","/1080_0.jpg"
"F:0169","/1081_0.jpg"
"F:0170","/1082_0.jpg"
"F:0170","/1082_1.jpg"
"F:0171","/1083_0.jpg"
"BG:0047","/1084_0.jpg"
"F:0172","/1085_0.jpg"
"BG:0048","/1086_0.jpg"
"F:0173","/1087_0.jpg"
"F:0174","/1088_0.jpg"
"BG:0049","/1089_0.jpg"
"F:0175","/1090_0.jpg"
"F:0176","/1091_0.jpg"
"BG:0050","/1092_0.jpg"
"F:0178","/1094_0.jpg"
"F:0180","/1096_0.jpg"
"F:0181","/1097_0.jpg"
"BG:0051","/1098_0.jpg"
"F:0182","/1099_0.jpg"
"F:0183","/1100_0.jpg"
"F:0184","/1101_0.jpg"
"F:0185","/1102_0.jpg"
"F:0186","/1103_0.jpg"
"F:0186","/1103_1.jpg"
"BG:0052","/1105_0.jpg"
"F:0189","/1107_0.jpg"
"F:0192","/1111_0.jpg"
"BG:0054","/1112_0.jpg"
"F:0193","/1113_0.jpg"
"F:0194","/1114_0.jpg"
"F:0195","/1115_0.jpg"
"F:0195","/1115_1.jpg"
"F:0196","/1116_0.jpg"
"F:0197","/1117_0.jpg"
"F:0199","/1119_0.jpg"
"F:0200","/1120_0.jpg"
"F:0201","/1121_0.jpg"
"F:0202","/1122_0.jpg"
"H:0043","/1126_0.jpeg"
"H:0043","/1126_1.jpg"
"H:0044","/1128_0.jpeg"
"H:0044","/1128_1.jpg"
"H:0044","/1128_2.jpg"
"H:0045","/1129_0.jpeg"
"H:0045","/1129_1.jpg"
"H:0046","/1130_0.jpg"
"BS:0004","/1133_0.jpg"
"BS:0005","/1134_0.jpg"
"BS:0006","/1135_0.jpg"
"TH:0000","/1136_0.jpg"
"TH:0001","/1137_0.jpg"
"TH:0002","/1138_0.jpg"
"TH:0003","/1139_0.jpg"
"TH:0003","/1139_1.png"
"TH:0004","/1140_0.jpg"
"TH:0005","/1141_0.jpg"
"TH:0005","/1141_1.png"
"M:0000","/1143_0.jpg"
"M:0001","/1144_0.jpg"
"M:0001","/1144_1.jpg"
"M:0001","/1144_2.jpg"
"M:0001","/1144_3.jpg"
"M:0002","/1145_0.jpg"
"M:0003","/1147_0.jpg"
"M:0005","/1149_0.jpg"
"HS:0000","/1150_0.jpg"
"HS:0000","/1150_1.jpg"
"HS:0001","/1151_0.jpg"
"HS:0001","/1151_1.jpg"
"HS:0002","/1152_0.jpg"
"HS:0002","/1152_1.jpg"
"HS:0003","/1153_0.jpg"
"HS:0004","/1154_0.jpg"
"M:0006","/1155_0.jpg"
"EV:0000","/1156_0.jpg"
"EV:0001","/1157_0.jpg"
"EV:0002","/1158_0.jpg"
"BG:0055","/1159_0.jpg"
"CB:0008","/1169_0.jpg"
"BG:0056","/1171_0.jpg"
"PF:0000","/1173_0.jpg"
"PF:0001","/1174_0.jpg"
"PF:0001","/1174_1.jpg"
"PF:0002","/1175_0.jpg"
"PF:0002","/1175_1.jpg"
"PF:0003","/1176_0.png"
"PF:0004","/1177_0.jpg"
"PF:0005","/1178_0.jpg"
"PF:0005","/1178_1.jpg"
"PF:0006","/1179_0.jpg"
"PF:0007","/1180_0.jpg"
"PF:0007","/1180_1.jpg"
"PF:0008","/1181_0.jpg"
"PF:0009","/1182_0.jpg"
"PF:0009","/1182_1.jpg"
"PF:0010","/1183_0.jpg"
"PF:0010","/1183_1.jpg"
"PF:0011","/1184_0.jpg"
"PF:0011","/1184_1.JPG"
"PF:0012","/1186_0.jpg"
"PF:0013","/1187_0.jpg"
"PF:0014","/1188_0.jpg"
"PF:0014","/1188_1.jpg"
"MB:0004","/1189_0.jpg"
"PF:0015","/1192_0.jpg"
"PF:0016","/1193_0.jpg"
"PF:0017","/1194_0.jpg"
"PF:0018","/1195_0.jpg"
"MT:0070","/1203_0.jpg"
"MT:0071","/1204_0.jpg"
"MT:0072","/1205_0.jpg"
"FB:0000","/1249_0.jpg"
"FB:0000","/1249_1.jpg"
"FB:0000","/1249_2.jpg"
"FB:0000","/1249_3.jpg"
"CT:0000","/1250_0.jpg"
"CT:0000","/1250_1.jpg"
"CT:0000","/1250_2.jpg"
"CT:0000","/1250_3.jpg"
"FB:0001","/1251_0.jpg"
"FB:0002","/1252_0.jpg"
"CT:0001","/1253_0.jpg"
"FB:0003","/1254_0.jpg"
"FB:0004","/1255_0.jpg"
"FB:0005","/1256_0.jpg"
"CT:0002","/1258_0.jpg"
"CPB:0000","/1259_0.jpg"
"FB:0006","/1260_0.jpg"
"FB:0006","/1260_1.jpg"
"FB:0007","/1261_0.jpg"
"FB:0007","/1261_1.jpg"
"CT:0003","/1262_0.jpg"
"CPB:0001","/1263_0.jpg"
"CPB:0002","/1264_0.jpg"
"CT:0004","/1266_0.jpg"
"CT:0005","/1267_0.jpg"
"CT:0005","/1267_1.jpg"
"CT:0005","/1267_2.jpg"
"CT:0005","/1267_3.jpg"
"CT:0006","/1268_0.jpg"
"CT:0006","/1268_1.jpg"
"CT:0006","/1268_2.jpg"
"CT:0006","/1268_3.jpg"
"CT:0007","/1269_0.jpg"
"CT:0007","/1269_1.JPG"
"WH:0000","/1274_0.jpg"
"WH:0000","/1274_1.png"
"TH:0006","/1275_0.jpg"
"TH:0007","/1276_0.jpg"
"TH:0007","/1276_1.png"
"TH:0008","/1277_0.jpg"
"TH:0008","/1277_1.jpg"
"TH:0008","/1277_2.png"
"TH:0009","/1279_0.png"
"TH:0009","/1279_1.png"
"TH:0010","/1280_0.jpg"
"TH:0010","/1280_1.png"
"CT:0008","/1281_0.jpg"
"CT:0008","/1281_1.png"
"CT:0009","/1282_0.jpg"
"CT:0010","/1283_0.jpg"
"CT:0011","/1284_0.jpg"
"CT:0012","/1285_0.jpg"
"CT:0012","/1285_1.jpg"
"CT:0013","/1286_0.jpeg"
"CT:0014","/1287_0.jpeg"
"CT:0015","/1288_0.jpg"
"CT:0016","/1289_0.jpg"
"CT:0017","/1290_0.jpg"
"CT:0018","/1291_0.jpg"
"CT:0018","/1291_1.jpg"
"CT:0019","/1292_0.jpg"
"FB:0008","/1295_0.jpg"
"FB:0008","/1295_1.jpg"
"CPB:0003","/1296_0.jpg"
"FB:0009","/1297_0.jpg"
"FB:0010","/1298_0.jpg"
"FB:0010","/1298_1.jpg"
"FB:0010","/1298_2.png"
"FB:0011","/1299_0.jpg"
"FB:0012","/1300_0.jpg"
"FB:0012","/1300_1.png"
"FB:0013","/1304_0.jpg"
"FB:0013","/1304_1.jpg"
"FB:0014","/1306_0.jpg"
"FB:0014","/1306_1.jpg"
"FB:0015","/1307_0.jpg"
"FB:0016","/1308_0.jpg"
"FB:0017","/1309_0.jpg"
"FB:0018","/1310_0.jpg"
"FB:0019","/1311_0.jpg"
"FB:0020","/1312_0.jpg"
"FB:0021","/1313_0.jpg"
"FB:0022","/1314_0.jpg"
"FB:0023","/1316_0.jpg"
"FB:0025","/1318_0.jpeg"
"FB:0026","/1319_0.jpeg"
"FB:0027","/1320_0.jpeg"
"A:0001","/1323_0.jpg"
"A:0001","/1323_1.jpg"
"A:0002","/1324_0.jpg"
"A:0002","/1324_1.jpg"
"A:0003","/1325_0.jpg"
"A:0003","/1325_1.jpg"
"A:0004","/1326_0.jpg"
"A:0005","/1327_0.jpg"
"A:0005","/1327_1.jpg"
"A:0006","/1328_0.jpg"
"A:0007","/1329_0.jpg"
"FB:0028","/1330_0.jpg"
"FB:0028","/1330_1.jpg"
"FB:0028","/1330_2.jpg"
"A:0008","/1331_0.jpg"
"A:0009","/1332_0.jpg"
"A:0010","/1333_0.jpg"
"A:0010","/1333_1.jpg"
"A:0011","/1334_0.jpg"
"A:0012","/1335_0.jpg"
"A:0012","/1335_1.jpg"
"FB:0029","/1338_0.jpg"
"FB:0029","/1338_1.jpg"
"FB:0029","/1338_2.jpg"
"A:0014","/1339_0.jpg"
"A:0014","/1339_1.jpg"
"FB:0030","/1340_0.jpg"
"FB:0030","/1340_1.jpg"
"FB:0030","/1340_2.jpg"
"A:0015","/1341_0.jpg"
"A:0016","/1342_0.jpg"
"A:0016","/1342_1.JPG"
"A:0017","/1343_0.jpg"
"A:0017","/1343_1.jpg"
"A:0017","/1343_2.jpg"
"A:0018","/1344_0.jpg"
"A:0018","/1344_1.JPG"
"A:0019","/1345_0.JPG"
"A:0020","/1346_0.jpg"
"A:0020","/1346_1.jpg"
"A:0021","/1347_0.jpg"
"A:0022","/1348_0.jpg"
"A:0023","/1349_0.jpg"
"A:0024","/1350_0.jpg"
"A:0025","/1351_0.jpg"
"A:0026","/1352_0.jpg"
"A:0026","/1352_1.jpg"
"A:0028","/1354_0.jpg"
"A:0028","/1354_1.jpg"
"W:0068","/1355_0.jpg"
"TH:0011","/1357_0.jpg"
"TH:0011","/1357_1.jpg"
"FB:0031","/1358_0.jpg"
"FB:0031","/1358_1.jpg"
"FB:0031","/1358_2.jpg"
"FB:0031","/1358_3.jpg"
"PB:0000","/1359_0.jpg"
"PB:0000","/1359_1.jpg"
"PB:0000","/1359_2.jpg"
"FB:0032","/1360_0.jpg"
"FB:0032","/1360_1.jpg"
"FB:0032","/1360_2.jpg"
"FB:0032","/1360_3.jpg"
"FB:0033","/1361_0.jpg"
"FB:0033","/1361_1.jpg"
"FB:0033","/1361_2.jpg"
"FB:0033","/1361_3.jpg"
"PB:0001","/1362_0.jpg"
"PB:0001","/1362_1.jpg"
"PB:0001","/1362_2.jpg"
"PB:0002","/1363_0.jpg"
"PB:0002","/1363_1.jpg"
"PB:0002","/1363_2.jpg"
"PB:0003","/1364_0.jpg"
"PB:0003","/1364_1.jpg"
"PB:0003","/1364_2.jpg"
"PB:0004","/1365_0.jpg"
"PB:0004","/1365_1.jpg"
"PB:0004","/1365_2.jpg"
"PB:0005","/1366_0.jpg"
"PB:0005","/1366_1.jpg"
"PB:0005","/1366_2.jpg"
"PB:0006","/1367_0.jpg"
"PB:0006","/1367_1.jpg"
"PB:0006","/1367_2.jpg"
"PB:0007","/1368_0.jpg"
"PB:0007","/1368_1.jpg"
"C:0000","/1369_0.jpg"
"C:0000","/1369_1.jpg"
"C:0001","/1370_0.jpg"
"C:0001","/1370_1.jpg"
"C:0002","/1371_0.jpg"
"C:0002","/1371_1.jpg"
"C:0003","/1372_0.jpg"
"C:0003","/1372_1.jpg"
"C:0004","/1373_0.jpg"
"C:0004","/1373_1.jpg"
"MC:0000","/1374_0.jpg"
"MC:0000","/1374_1.jpg"
"MC:0000","/1374_2.jpg"
"MC:0000","/1374_3.jpg"
"DO:0000","/1375_0.jpg"
"SS:0000","/1380_0.jpg"
"SS:0001","/1382_0.jpg"
"CP:0000","/1383_0.jpg"
"CP:0000","/1383_1.jpg"
"CP:0000","/1383_2.jpg"
"CP:0000","/1383_3.jpg"
"TP:0025","/1384_0.jpg"
"CP:0001","/1385_0.jpg"
"CP:0001","/1385_1.jpg"
"CP:0001","/1385_2.jpg"
"CP:0001","/1385_3.jpg"
"SB:0000","/1386_0.jpg"
"SB:0001","/1387_0.jpg"
"SB:0002","/1388_0.jpg"
"TP:0026","/1392_0.jpg"
"CT:0020","/1393_0.jpg"
"CT:0020","/1393_1.png"
"CT:0021","/1395_0.jpg"
"RP:0001","/1398_0.jpg"
"RP:0001","/1398_1.png"
"CT:0022","/1399_0.jpg"
"MT:0089","/1400_0.jpg"
"RP:0003","/1402_0.jpg"
"RP:0003","/1402_1.jpg"
"RP:0004","/1403_0.jpg"
"RP:0004","/1403_1.jpg"
"CT:0023","/1404_0.jpg"
"RP:0005","/1405_0.jpg"
"RP:0005","/1405_1.jpg"
"RP:0006","/1407_0.jpg"
"FB:0034","/1408_0.jpg"
"RP:0007","/1409_0.jpg"
"RP:0008","/1410_0.jpg"
"RP:0009","/1411_0.jpg"
"CT:0024","/1413_0.jpg"
"RP:0011","/1414_0.jpg"
"RP:0014","/1417_0.jpg"
"RP:0015","/1418_0.jpg"
"RP:0016","/1419_0.jpg"
"RP:0016","/1419_1.jpg"
"RP:0017","/1420_0.jpg"
"RP:0018","/1421_0.jpg"
"RP:0019","/1422_0.jpg"
"RP:0020","/1423_0.jpg"
"RP:0021","/1424_0.jpg"
"RP:0022","/1425_0.jpg"
"RP:0023","/1426_0.jpg"
"RP:0024","/1427_0.jpg"
"RP:0025","/1428_0.jpg"
"RP:0026","/1429_0.jpg"
"RP:0026","/1429_1.jpg"
"RP:0027","/1430_0.jpg"
"RP:0027","/1430_1.jpg"
"RP:0028","/1431_0.jpg"
"RP:0029","/1432_0.jpg"
"RP:0030","/1433_0.jpg"
"RP:0031","/1434_0.jpg"
"RP:0031","/1434_1.jpg"
"RP:0032","/1435_0.jpg"
"RP:0032","/1435_1.jpg"
"RP:0033","/1436_0.jpg"
"PB:0009","/1437_0.jpg"
"F:0204","/1439_0.jpg"
"F:0204","/1439_1.jpg"
"F:0204","/1439_2.jpg"
"F:0205","/1440_0.jpg"
"F:0205","/1440_1.jpg"
"CT:0025","/1441_0.jpg"
"CT:0026","/1442_0.jpg"
"CT:0027","/1443_0.jpg"
"CT:0028","/1444_0.jpg"
"CT:0029","/1445_0.jpg"
"CT:0030","/1446_0.jpg"
"CT:0031","/1447_0.jpg"
"CT:0032","/1448_0.jpg"
"CT:0033","/1449_0.jpg"
"CT:0034","/1450_0.png"
"CT:0035","/1451_0.png"
"F:0206","/1453_0.jpg"
"F:0206","/1453_1.jpg"
"F:0206","/1453_2.jpg"
"F:0207","/1454_0.jpg"
"F:0207","/1454_1.jpg"
"F:0208","/1456_0.jpg"
"F:0209","/1457_0.jpg"
"F:0210","/1458_0.jpg"
"F:0211","/1459_0.jpg"
"F:0212","/1460_0.jpg"
"F:0213","/1461_0.jpg"
"F:0213","/1461_1.jpg"
"F:0213","/1461_2.jpg"
"F:0214","/1462_0.jpg"
"F:0215","/1463_0.jpg"
"F:0216","/1464_0.jpg"
"F:0216","/1464_1.jpg"
"F:0216","/1464_2.jpg"
"F:0217","/1465_0.jpg"
"F:0218","/1466_0.jpg"
"F:0218","/1466_1.jpg"
"F:0219","/1467_0.jpg"
"F:0220","/1468_0.jpg"
"F:0221","/1469_0.jpg"
"F:0221","/1469_1.jpg"
"F:0222","/1470_0.jpg"
"F:0223","/1471_0.jpg"
"F:0224","/1472_0.jpg"
"F:0225","/1473_0.jpg"
"F:0226","/1474_0.jpg"
"F:0227","/1475_0.jpg"
"F:0228","/1476_0.jpg"
"BG:0057","/1478_0.jpg"
"BG:0058","/1479_0.jpg"
"BG:0059","/1480_0.jpg"
"BG:0060","/1481_0.jpg"
"BG:0061","/1482_0.jpg"
"BG:0062","/1483_0.jpg"
"BG:0063","/1484_0.jpg"
"BG:0064","/1485_0.jpg"
"BG:0065","/1486_0.jpg"
"BG:0066","/1487_0.jpg"
"BG:0067","/1488_0.jpg"
"BG:0068","/1489_0.jpg"
"BG:0069","/1490_0.jpg"
"BG:0069","/1490_1.jpg"
"BG:0070","/1491_0.jpg"
"BG:0070","/1491_1.jpg"
"BG:0071","/1492_0.jpg"
"BG:0071","/1492_1.jpg"
"BG:0072","/1493_0.jpg"
"BT:0034","/1497_0.jpg"
"AK:0000","/1498_0.jpg"
"BT:0035","/1500_0.jpg"
"BT:0036","/1501_0.jpg"
"RP:0035","/1503_0.jpg"
"RP:0035","/1503_1.jpg"
"RP:0035","/1503_2.jpg"
"RP:0036","/1504_0.jpg"
"RP:0036","/1504_1.jpg"
"RP:0037","/1505_0.jpg"
"RP:0037","/1505_1.jpg"
"RP:0038","/1507_0.jpg"
"RP:0038","/1507_1.jpg"
"RP:0039","/1508_0.jpg"
"AK:0001","/1509_0.jpg"
"AK:0002","/1510_0.jpeg"
"AK:0003","/1511_0.jpeg"
"AK:0004","/1512_0.jpg"
"AK:0005","/1513_0.jpg"
"AK:0006","/1514_0.jpg"
"AK:0007","/1515_0.jpg"
"CT:0036","/1517_0.jpg"
"FB:0037","/1522_0.jpg"
"A:0030","/1524_0.jpg"
"A:0031","/1525_0.jpg"
"A:0031","/1525_1.jpg"
"A:0032","/1526_0.jpg"
"A:0032","/1526_1.jpg"
"A:0033","/1527_0.jpg"
"AK:0008","/1528_0.jpg"
"AK:0008","/1528_1.jpg"
"AK:0008","/1528_2.jpg"
"A:0034","/1531_0.jpg"
"A:0035","/1532_0.jpg"
"AK:0009","/1534_0.jpg"
"AK:0009","/1534_1.jpg"
"A:0036","/1535_0.jpg"
"AK:0010","/1536_0.jpg"
"AK:0010","/1536_1.jpg"
"AK:0011","/1538_0.jpg"
"AK:0011","/1538_1.jpg"
"AK:0011","/1538_2.jpg"
"BG:0074","/1689_0.jpg"
"BG:0075","/1690_0.jpg"
"BG:0097","/1714_0.jpg"
"BG:0101","/1718_0.jpg"
"BG:0108","/1725_0.jpg"
"F:0232","/1765_0.jpg"
"F:0233","/1806_0.jpg"
"F:0236","/1860_0.jpg"
"F:0237","/1864_0.jpg"
"F:0239","/1951_0.jpg"
"F:0244","/1976_0.jpg"
"F:0247","/1982_0.jpg"
"F:0248","/1988_0.jpg"
"F:0254","/2017_0.jpg"
"F:0258","/2040_0.jpg"
"F:0261","/2051_0.jpg"
"F:0263","/2054_0.jpg"
"F:0264","/2057_0.jpg"
"F:0266","/2067_0.jpg"
"F:0269","/2073_0.jpg"
"F:0270","/2074_0.jpg"
"F:0273","/2078_0.jpg"
"F:0274","/2080_0.jpg"
"F:0280","/2106_0.jpg"
"F:0281","/2122_0.jpg"
"F:0282","/2123_0.jpg"
"F:0287","/2138_0.jpg"
"F:0292","/2167_0.jpg"
"F:0294","/2176_0.jpg"
"F:0294","/2176_1.jpg"
"F:0295","/2205_0.jpg"
"F:0303","/2232_0.jpg"
"F:0309","/2251_0.jpg"
"F:0314","/2260_0.jpg"
"F:0316","/2262_0.jpg"
"F:0321","/2272_0.jpg"
"F:0331","/2289_0.jpg"
"F:0333","/2292_0.jpg"
"F:0335","/2294_0.jpg"
"F:0343","/2310_0.jpg"
"F:0345","/2313_0.jpg"
"BG:0123","/2314_0.jpg"
"BG:0124","/2317_0.jpg"
"BG:0127","/2320_0.jpg"
"BG:0132","/2338_0.jpg"
"BG:0133","/2340_0.jpg"
"BG:0135","/2351_0.jpg"
"BG:0138","/2356_0.jpg"
"BG:0139","/2357_0.jpg"
"BG:0142","/2373_0.jpg"
"BG:0143","/2374_0.jpg"
"F:0346","/2382_0.jpg"
"F:0350","/2398_0.jpg"
"F:0352","/2405_0.jpg"
"F:0354","/2408_0.jpg"
"F:0355","/2409_0.jpg"
"F:0356","/2410_0.jpg"
"F:0357","/2413_0.jpg"
"F:0358","/2417_0.jpg"
"F:0359","/2418_0.jpg"
"F:0364","/2424_0.jpg"
"F:0365","/2426_0.jpg"
"F:0366","/2428_0.jpg"
"F:0367","/2441_0.jpg"
"F:0368","/2442_0.jpg"
"F:0369","/2444_0.jpg"
"F:0370","/2447_0.jpg"
"F:0371","/2449_0.jpg"
"F:0372","/2454_0.jpg"
"F:0373","/2455_0.jpg"
"F:0374","/2457_0.jpg"
"F:0378","/2469_0.jpg"
"F:0381","/2477_0.jpg"
"F:0383","/2482_0.jpg"
"F:0384","/2485_0.jpg"
"F:0385","/2486_0.jpg"
"F:0386","/2489_0.jpg"
"F:0387","/2490_0.jpg"
"F:0388","/2497_0.jpg"
"F:0389","/2503_0.jpg"
"F:0390","/2504_0.jpg"
"F:0392","/2507_0.jpg"
"F:0394","/2509_0.jpg"
"F:0395","/2511_0.jpg"
"F:0396","/2515_0.jpg"
"F:0397","/2524_0.jpg"
"F:0401","/2529_0.jpg"
"F:0402","/2530_0.jpg"
"F:0403","/2531_0.jpg"
"DO:0001","/2533_0.jpg"
"F:0404","/2534_0.jpg"
"F:0405","/2535_0.jpg"
"F:0406","/2537_0.jpg"
"F:0407","/2538_0.jpg"
"F:0408","/2540_0.jpg"
"F:0409","/2542_0.jpg"
"F:0410","/2544_0.jpg"
"F:0411","/2545_0.jpg"
"F:0412","/2549_0.jpg"
"F:0413","/2554_0.jpg"
"F:0414","/2555_0.jpg"
"F:0415","/2557_0.jpg"
"F:0416","/2558_0.jpg"
"F:0417","/2564_0.jpg"
"F:0418","/2565_0.jpg"
"F:0419","/2578_0.jpg"
"F:0420","/2583_0.jpg"
"F:0424","/2587_0.jpg"
"F:0425","/2589_0.jpg"
"F:0426","/2599_0.jpg"
"F:0427","/2601_0.jpg"
"F:0428","/2602_0.jpg"
"F:0429","/2603_0.jpg"
"F:0430","/2604_0.jpg"
"F:0431","/2605_0.jpg"
"F:0432","/2606_0.jpg"
"F:0433","/2610_0.jpg"
"F:0434","/2613_0.jpg"
"F:0435","/2615_0.jpg"
"F:0438","/2620_0.jpg"
"F:0439","/2621_0.jpg"
"F:0440","/2623_0.jpg"
"F:0441","/2625_0.jpg"
"F:0442","/2626_0.jpg"
"F:0443","/2634_0.jpg"
"F:0444","/2640_0.jpg"
"F:0445","/2644_0.jpg"
"F:0446","/2645_0.jpg"
"F:0447","/2647_0.jpg"
"F:0448","/2648_0.jpg"
"F:0449","/2649_0.jpg"
"F:0450","/2656_0.jpg"
"F:0451","/2657_0.jpg"
"F:0452","/2658_0.jpg"
"F:0453","/2659_0.jpg"
"F:0454","/2660_0.jpg"
"F:0456","/2669_0.jpg"
"F:0457","/2670_0.jpg"
"F:0458","/2671_0.jpg"
"F:0460","/2673_0.jpg"
"F:0461","/2674_0.jpg"
"F:0462","/2675_0.jpg"
"F:0463","/2676_0.jpg"
"F:0464","/2677_0.jpg"
"F:0465","/2678_0.jpg"
"F:0466","/2683_0.jpg"
"F:0467","/2684_0.jpg"
"F:0468","/2685_0.jpg"
"F:0469","/2689_0.jpg"
"F:0471","/2691_0.jpg"
"F:0472","/2701_0.jpg"
"F:0473","/2704_0.jpg"
"F:0474","/2706_0.jpg"
"F:0475","/2707_0.jpg"
"F:0476","/2710_0.jpg"
"F:0477","/2711_0.jpg"
"F:0480","/2714_0.jpg"
"F:0481","/2715_0.jpg"
"F:0482","/2716_0.jpg"
"F:0483","/2717_0.jpg"
"F:0484","/2719_0.jpg"
"F:0485","/2722_0.jpg"
"F:0486","/2725_0.jpg"
"F:0487","/2726_0.jpg"
"F:0488","/2727_0.jpg"
"F:0489","/2728_0.jpg"
"F:0490","/2729_0.jpg"
"F:0491","/2730_0.jpg"
"F:0492","/2731_0.jpg"
"F:0493","/2732_0.jpg"
"F:0494","/2733_0.jpg"
"F:0495","/2735_0.jpg"
"SB:0003","/2736_0.jpeg"
"F:0496","/2737_0.jpg"
"F:0497","/2738_0.jpg"
"F:0498","/2744_0.jpg"
"F:0499","/2745_0.jpg"
"F:0500","/2746_0.jpg"
"F:0501","/2747_0.jpg"
"F:0502","/2748_0.jpg"
"F:0503","/2749_0.jpg"
"F:0504","/2750_0.jpg"
"F:0505","/2751_0.jpg"
"F:0506","/2752_0.jpg"
"F:0507","/2754_0.jpg"
"F:0508","/2757_0.jpg"
"F:0509","/2758_0.jpg"
"F:0510","/2759_0.jpg"
"F:0511","/2760_0.jpg"
"F:0514","/2763_0.jpg"
"F:0515","/2764_0.jpg"
"F:0516","/2765_0.jpg"
"F:0517","/2766_0.jpg"
"F:0518","/2767_0.jpg"
"BG:0147","/2772_0.jpg"
"BG:0148","/2774_0.jpg"
"BG:0149","/2775_0.jpg"
"BG:0151","/2777_0.jpg"
"BG:0153","/2779_0.jpg"
"BG:0154","/2780_0.jpg"
"BG:0155","/2781_0.jpg"
"BG:0157","/2783_0.jpg"
"BG:0159","/2785_0.jpg"
"BG:0159","/2785_1.jpg"
"BG:0161","/2787_0.jpg"
"BG:0165","/2792_0.jpg"
"BG:0166","/2793_0.jpg"
"BG:0168","/2795_0.jpg"
"BG:0169","/2797_0.jpg"
"BG:0171","/2799_0.jpg"
"AK:0012","/2810_0.jpg"
"BR:0025","/2812_0.jpg"
"AK:0013","/2813_0.jpg"
"BR:0026","/2814_0.jpg"
"AK:0014","/2817_0.jpg"
"EP:0076","/2818_0.jpg"
"EP:0076","/2818_1.jpg"
"EP:0076","/2818_2.jpg"
"EP:0076","/2818_3.jpg"
"EP:0076","/2818_4.jpg"
"EP:0076","/2818_5.jpg"
"EP:0076","/2818_6.jpg"
"A:0037","/2819_0.jpg"
"A:0038","/2820_0.jpg"
"AK:0015","/2822_0.jpg"
"PB:0010","/2823_0.jpg"
"PB:0011","/2824_0.jpg"
"PB:0011","/2824_1.jpg"
"A:0039","/2826_0.jpg"
"A:0040","/2827_0.jpg"
"BR:0028","/2828_0.jpg"
"BR:0028","/2828_1.jpg"
"EP:0061","/2829_0.jpg"
"EP:0061","/2829_1.jpg"
"EP:0077","/2830_0.jpg"
"F:0520","/2833_0.jpg"
"BG:0175","/2838_0.jpg"
"F:0521","/2840_0.jpg"
"F:0522","/2841_0.jpg"
"F:0523","/2842_0.jpg"
"F:0524","/2843_0.jpg"
"F:0525","/2846_0.jpg"
"F:0526","/2847_0.jpg"
"BG:0176","/2849_0.jpg"
"BG:0177","/2850_0.jpg"
"BG:0177","/2850_1.jpg"
"BG:0177","/2850_2.jpg"
"BG:0177","/2850_3.jpg"
"BG:0178","/2851_0.jpg"
"BG:0179","/2852_0.jpg"
"BG:0180","/2853_0.jpg"
"BG:0180","/2853_1.jpg"
"BG:0181","/2854_0.jpg"
"BG:0182","/2855_0.jpg"
"BG:0183","/2856_0.jpg"
"BG:0184","/2857_0.jpg"
"BG:0185","/2858_0.jpg"
"BG:0185","/2858_1.jpg"
"BG:0186","/2859_0.jpg"
"BG:0187","/2860_0.jpg"
"BG:0188","/2861_0.jpg"
"BG:0189","/2862_0.jpg"
"BG:0190","/2863_0.jpg"
"F:0527","/2864_0.jpg"
"F:0528","/2865_0.jpg"
"F:0529","/2866_0.jpg"
"F:0530","/2867_0.jpg"
"F:0530","/2867_1.JPG"
"F:0531","/2868_0.jpg"
"F:0531","/2868_1.JPG"
"F:0532","/2869_0.jpg"
"F:0533","/2870_0.jpg"
"BG:0191","/2872_0.jpg"
"BG:0192","/2873_0.jpg"
"BG:0193","/2874_0.jpg"
"BG:0194","/2875_0.jpg"
"BG:0194","/2875_1.jpg"
"BG:0194","/2875_2.jpg"
"BG:0194","/2875_3.jpg"
"BG:0198","/2879_0.jpg"
"BG:0198","/2879_1.JPG"
"BG:0199","/2880_0.jpg"
"BG:0199","/2880_1.JPG"
"BG:0200","/2881_0.jpg"
"BG:0200","/2881_1.JPG"
"BG:0201","/2882_0.jpg"
"BG:0201","/2882_1.jpg"
"BG:0201","/2882_2.jpg"
"BG:0202","/2883_0.jpeg"
"BG:0202","/2883_1.jpg"
"BG:0202","/2883_2.jpg"
"BG:0203","/2884_0.jpg"
"BG:0203","/2884_1.jpg"
"BG:0204","/2885_0.jpg"
"BG:0204","/2885_1.jpg"
"BG:0204","/2885_2.jpg"
"BG:0207","/2895_0.jpg"
"BG:0208","/2896_0.jpg"
"BG:0209","/2897_0.jpg"
"BG:0210","/2898_0.jpg"
"BG:0211","/2899_0.jpg"
"BG:0211","/2899_1.jpg"
"BG:0211","/2899_2.jpg"
"BG:0212","/2900_0.jpg"
"BG:0212","/2900_1.jpg"
"BG:0213","/2901_0.jpg"
"BG:0213","/2901_1.jpg"