"sku","media_gallery"
"VB:0000","1_0.jpg"
"","1_1.jpg"
"","1_2.jpg"
"VB:0001","2_0.jpg"
"","2_1.jpg"
"","2_2.jpg"
"","2_3.jpg"
"VB:0002","3_0.jpg"
"","3_1.jpg"
"VB:0003","4_0.jpg"
"VB:0004","5_0.jpg"
"VB:0005","6_0.jpg"
"VB:0006","7_0.jpg"
"","7_1.gif"
"VB:0007","8_0.jpg"
"","8_1.jpg"
"","8_2.jpg"
"VB:0008","9_0.jpg"
"","9_1.jpg"
"VB:0009","10_0.jpg"
"","10_1.jpg"
"","10_2.jpg"
"VB:0010","11_0.jpg"
"","11_1.jpg"
"","11_2.jpg"
"","11_3.jpg"
"","11_4.jpg"
"WI:0000","13_0.jpg"
"","13_1.jpg"
"","13_2.jpg"
"","13_3.jpg"
"WI:0001","14_0.jpg"
"","14_1.jpg"
"WI:0002","15_0.jpg"
"","15_1.jpg"
"","15_2.jpg"
"","15_3.jpg"
"IT:0000","16_0.jpg"
"MB:0000","17_0.jpg"
"","17_1.jpg"
"","17_2.jpg"
"","17_3.jpg"
"MB:0001","18_0.jpg"
"MB:0002","19_0.jpg"
"AD:0000","20_0.jpg"
"","20_1.jpg"
"","20_2.jpg"
"","20_3.jpg"
"AD:0001","21_0.jpg"
"","21_1.jpg"
"AD:0002","22_0.jpg"
"DT:0001","24_0.jpg"
"WI:0003","26_0.jpg"
"TP:0000","27_0.jpg"
"","27_1.jpg"
"TP:0001","28_0.jpg"
"","28_1.jpg"
"","28_2.jpg"
"TP:0002","29_0.jpg"
"","29_1.jpg"
"","29_2.jpg"
"","29_3.png"
"TP:0003","30_0.jpg"
"TP:0004","31_0.jpg"
"","31_1.jpg"
"","31_2.jpg"
"","31_3.png"
"","31_4.png"
"TP:0005","32_0.jpg"
"","32_1.jpg"
"","32_2.jpg"
"EP:0063
","33_0.jpg"
"","33_1.jpg"
"EP:0064
","34_0.jpg"
"","34_1.jpg"
"","34_2.jpg"
"","34_3.jpg"
"EP:0000","35_0.jpg"
"","35_1.jpg"
"","35_2.jpg"
"","35_3.jpg"
"EP:0065
","36_0.jpg"
"","36_1.jpg"
"EP:0066
","37_0.jpg"
"","37_1.jpg"
"","37_2.jpg"
"","37_3.jpg"
"","37_4.jpg"
"","37_5.jpg"
"","37_6.jpg"
"EP:0001","38_0.jpg"
"EP:0067
","39_0.jpg"
"","39_1.jpg"
"","39_2.jpg"
"","39_3.jpg"
"H:0001","41_0.jpg"
"","41_1.png"
"H:0002","42_0.png"
"H:0003","43_0.jpg"
"H:0004","44_0.png"
"W:0000","45_0.jpg"
"W:0002","47_0.jpg"
"W:0003","48_0.jpg"
"","48_1.jpg"
"W:0004","49_0.jpg"
"","49_1.jpg"
"W:0005","50_0.jpg"
"H:0005","51_0.jpg"
"TP:0006","52_0.jpg"
"H:0006","62_0.jpg"
"WI:0004","63_0.jpg"
"","63_1.jpg"
"","63_2.jpg"
"EP:0068
","64_0.jpg"
"","64_1.jpg"
"","64_2.jpg"
"W:0006","65_0.jpg"
"W:0007","66_0.jpg"
"W:0008","67_0.jpg"
"EP:0002","68_0.jpeg"
"","68_1.jpg"
"EP:0003","70_0.jpg"
"","70_1.jpg"
"","70_2.jpg"
"","70_3.jpg"
"","70_4.jpg"
"","70_5.jpg"
"W:0010","71_0.jpg"
"EP:0004","72_0.jpg"
"","72_1.jpg"
"","72_2.jpg"
"EP:0005","73_0.jpg"
"","73_1.jpg"
"","73_2.jpg"
"","73_3.jpg"
"","73_4.jpg"
"","73_5.jpg"
"","73_6.jpg"
"","73_7.jpg"
"TP:0007","74_0.jpg"
"","74_1.jpg"
"TP:0008","75_0.jpg"
"EP:0006","76_0.jpg"
"","76_1.jpg"
"H:0007","77_0.jpg"
"","77_1.jpg"
"H:0008","78_0.jpg"
"","78_1.jpg"
"H:0009","79_0.jpg"
"","79_1.jpg"
"H:0010","80_0.jpg"
"","80_1.jpg"
"","80_2.jpg"
"H:0011","81_0.jpg"
"","81_1.jpg"
"EP:0007","82_0.jpg"
"","82_1.jpg"
"","82_2.jpg"
"","82_3.jpg"
"","82_4.jpg"
"","82_5.jpg"
"WI:0005","83_0.jpg"
"","83_1.jpg"
"","83_2.jpg"
"WI:0006","84_0.jpg"
"","84_1.jpg"
"","84_2.jpg"
"WI:0007","85_0.jpg"
"","85_1.jpg"
"","85_2.jpg"
"","85_3.jpg"
"WI:0008","86_0.jpg"
"","86_1.jpg"
"","86_2.jpg"
"","86_3.jpg"
"WI:0009","87_0.jpg"
"","87_1.jpg"
"","87_2.jpg"
"","87_3.jpg"
"WI:0010","88_0.jpg"
"","88_1.jpg"
"","88_2.jpg"
"","88_3.jpg"
"MB:0003","89_0.jpg"
"WI:0011","90_0.jpg"
"","90_1.jpg"
"WI:0012","91_0.jpg"
"","91_1.jpg"
"WI:0013","92_0.jpg"
"","92_1.jpg"
"WI:0014","93_0.jpg"
"","93_1.jpg"
"WI:0015","94_0.jpg"
"BR:0001","96_0.jpg"
"","96_1.jpg"
"BR:0002","97_0.jpg"
"EP:0008","99_0.jpeg"
"","99_1.jpeg"
"","99_2.jpeg"
"EP:0009","101_0.jpg"
"","101_1.jpg"
"","101_2.jpg"
"","101_3.jpg"
"","101_4.png"
"WI:0016","102_0.jpg"
"","102_1.jpg"
"","102_2.jpg"
"","102_3.jpg"
"","102_4.jpg"
"AD:0003","103_0.jpg"
"","103_1.jpg"
"","103_2.jpg"
"","103_3.jpg"
"","103_4.jpg"
"","103_5.jpg"
"","103_6.jpg"
"W:0011","104_0.jpg"
"PU:D:0000","105_0.jpg"
"","105_1.jpg"
"","105_2.jpg"
"","105_3.png"
"PU:D:0001","106_0.jpg"
"","106_1.jpg"
"PU:D:0002","107_0.jpg"
"","107_1.jpg"
"PU:D:0003","108_0.jpg"
"","108_1.jpg"
"","108_2.jpg"
"PU:D:0004","109_0.jpg"
"","109_1.jpg"
"","109_2.jpg"
"PU:D:0005","110_0.jpg"
"","110_1.jpg"
"","110_2.jpg"
"PU:D:0006","111_0.jpg"
"","111_1.jpg"
"","111_2.jpg"
"PU:D:0007","112_0.jpg"
"","112_1.jpg"
"","112_2.jpg"
"PU:D:0008","113_0.jpg"
"","113_1.jpg"
"","113_2.jpg"
"PU:D:0009","114_0.jpg"
"","114_1.jpg"
"","114_2.jpg"
"PU:D:0010","115_0.jpg"
"","115_1.jpg"
"","115_2.jpg"
"PU:D:0011","116_0.jpeg"
"","116_1.png"
"","116_2.png"
"PU:D:0012","117_0.jpeg"
"","117_1.jpg"
"PU:D:0013","118_0.jpg"
"PU:D:0014","119_0.jpg"
"","119_1.jpg"
"PU:D:0015","120_0.jpg"
"","120_1.jpg"
"PU:D:0016","121_0.jpg"
"","121_1.jpg"
"PU:D:0017","122_0.jpg"
"","122_1.jpg"
"PU:D:0018","123_0.jpg"
"","123_1.jpg"
"","123_2.jpg"
"","123_3.jpg"
"","123_4.jpg"
"PU:D:0019","124_0.jpg"
"","124_1.jpg"
"","124_2.jpg"
"","124_3.jpg"
"","124_4.jpg"
"PU:D:0020","125_0.jpg"
"","125_1.jpg"
"","125_2.jpg"
"","125_3.jpg"
"","125_4.jpg"
"","125_5.jpg"
"","125_6.jpg"
"","125_7.jpg"
"PU:D:0021","126_0.jpg"
"","126_1.jpg"
"","126_2.jpg"
"","126_3.jpg"
"","126_4.jpg"
"PU:D:0022","127_0.jpg"
"","127_1.jpg"
"","127_2.jpg"
"","127_3.jpg"
"PU:D:0023","128_0.jpg"
"PU:D:0024","129_0.jpg"
"","129_1.jpg"
"PU:D:0026","131_0.jpg"
"","131_1.jpg"
"","131_2.jpg"
"","131_3.jpg"
"","131_4.jpg"
"PU:D:0027","132_0.jpg"
"","132_1.jpg"
"","132_2.jpg"
"","132_3.jpg"
"","132_4.jpg"
"PU:D:0028","133_0.jpg"
"","133_1.jpg"
"","133_2.jpg"
"","133_3.jpg"
"","133_4.jpg"
"PU:D:0029","134_0.jpg"
"","134_1.jpg"
"PU:D:0030","135_0.jpg"
"","135_1.jpg"
"","135_2.png"
"PU:D:0031","136_0.jpg"
"","136_1.jpg"
"","136_2.jpg"
"","136_3.png"
"PU:D:0032","137_0.jpg"
"PU:D:0034","139_0.jpg"
"","139_1.jpg"
"PU:D:0035","140_0.jpg"
"","140_1.jpg"
"","140_2.jpg"
"","140_3.jpg"
"PU:D:0036","141_0.jpg"
"","141_1.jpg"
"PU:D:0037","142_0.jpg"
"PU:D:0038","143_0.jpg"
"","143_1.jpg"
"PU:D:0039","144_0.jpeg"
"","144_1.jpg"
"PU:D:0040","145_0.jpg"
"PU:D:0041","146_0.jpg"
"","146_1.jpg"
"PU:D:0042","147_0.jpg"
"","147_1.jpg"
"","147_2.jpg"
"","147_3.jpg"
"","147_4.jpg"
"","147_5.jpg"
"","147_6.jpg"
"PU:D:0043","148_0.jpg"
"","148_1.jpg"
"","148_2.jpg"
"","148_3.jpg"
"","148_4.jpg"
"","148_5.jpg"
"","148_6.jpg"
"","148_7.jpg"
"","148_8.jpg"
"PU:D:0044","149_0.jpg"
"","149_1.jpg"
"","149_2.jpg"
"","149_3.jpg"
"","149_4.jpg"
"","149_5.jpg"
"","149_6.jpg"
"","149_7.jpg"
"PU:D:0045","150_0.jpeg"
"","150_1.jpg"
"PU:D:0046","151_0.jpeg"
"","151_1.jpg"
"PU:D:0047","152_0.jpg"
"PU:D:0048","153_0.jpg"
"PU:D:0049","154_0.jpg"
"PU:D:0051","156_0.jpg"
"","156_1.jpg"
"","156_2.jpg"
"","156_3.jpg"
"","156_4.jpg"
"PU:D:0052","157_0.jpg"
"","157_1.jpg"
"","157_2.jpg"
"","157_3.jpg"
"","157_4.jpg"
"PU:D:0053","158_0.jpg"
"","158_1.jpg"
"","158_2.jpg"
"","158_3.jpg"
"","158_4.jpg"
"","158_5.jpg"
"","158_6.jpg"
"PU:D:0054","159_0.jpg"
"","159_1.jpg"
"","159_2.jpg"
"","159_3.jpg"
"","159_4.jpg"
"PU:D:0055","160_0.jpg"
"","160_1.jpg"
"","160_2.jpg"
"","160_3.jpg"
"","160_4.jpg"
"","160_5.jpg"
"PU:D:0056","161_0.jpg"
"","161_1.jpg"
"PU:D:0057","162_0.jpg"
"","162_1.jpg"
"PU:D:0058","163_0.jpg"
"","163_1.jpg"
"PU:D:0059","164_0.jpg"
"","164_1.jpg"
"PU:D:0060","165_0.jpg"
"","165_1.jpg"
"PU:D:0061","166_0.jpg"
"","166_1.jpg"
"","166_2.gif"
"PU:D:0062","167_0.jpg"
"PU:D:0063","168_0.jpg"
"","168_1.jpg"
"","168_2.jpg"
"PU:D:0065","170_0.jpg"
"PU:D:0066","171_0.jpg"
"","171_1.jpg"
"PU:D:0068","173_0.jpg"
"PU:D:0069","174_0.jpg"
"PU:D:0070","175_0.jpg"
"","175_1.jpg"
"PU:D:0071","176_0.jpg"
"","176_1.jpg"
"PU:D:0073","178_0.jpg"
"","178_1.jpg"
"","178_2.jpg"
"PU:D:0074","179_0.jpg"
"","179_1.jpg"
"","179_2.jpg"
"PU:D:0075","180_0.jpg"
"","180_1.jpg"
"","180_2.jpg"
"","180_3.jpg"
"PU:D:0076","181_0.jpg"
"","181_1.jpg"
"","181_2.jpg"
"","181_3.png"
"PU:D:0077","182_0.jpg"
"","182_1.jpg"
"","182_2.jpg"
"","182_3.jpg"
"PU:D:0078","183_0.jpg"
"","183_1.jpg"
"","183_2.jpg"
"PU:D:0079","184_0.jpg"
"","184_1.jpg"
"","184_2.jpg"
"PU:D:0081","186_0.jpg"
"","186_1.jpg"
"","186_2.jpg"
"","186_3.jpg"
"PU:D:0082","187_0.jpg"
"","187_1.jpg"
"","187_2.jpg"
"","187_3.jpg"
"","187_4.png"
"PU:D:0083","188_0.jpg"
"","188_1.jpg"
"","188_2.jpg"
"","188_3.jpg"
"","188_4.png"
"PU:D:0084","189_0.jpg"
"","189_1.png"
"PU:D:0085","190_0.jpg"
"PU:D:0086","191_0.jpg"
"","191_1.jpg"
"","191_2.jpg"
"","191_3.png"
"PU:D:0087","192_0.jpg"
"","192_1.jpg"
"","192_2.jpg"
"","192_3.jpg"
"","192_4.png"
"PU:D:0088","193_0.jpg"
"PU:W:0001","195_0.jpg"
"","195_1.jpg"
"","195_2.jpg"
"","195_3.jpg"
"PU:W:0002","196_0.jpg"
"","196_1.jpg"
"","196_2.jpg"
"","196_3.jpg"
"PU:W:0003","197_0.jpg"
"","197_1.jpg"
"","197_2.jpg"
"","197_3.jpg"
"PU:D:0089","199_0.jpg"
"","199_1.jpg"
"","199_2.jpg"
"","199_3.jpg"
"PU:D:0090","200_0.jpg"
"","200_1.jpg"
"PU:D:0091","201_0.jpg"
"PU:D:0094","204_0.jpg"
"PU:W:0009","215_0.jpg"
"PU:D:0103","221_0.jpg"
"","221_1.jpg"
"PU:D:0108","226_0.jpg"
"","226_1.jpg"
"","226_2.jpg"
"","226_3.jpg"
"","226_4.jpg"
"","226_5.jpg"
"PU:D:0109","227_0.jpg"
"","227_1.jpg"
"","227_2.jpg"
"","227_3.jpg"
"","227_4.jpg"
"","227_5.jpg"
"PU:D:0110","228_0.jpg"
"","228_1.jpg"
"","228_2.jpg"
"","228_3.jpg"
"","228_4.jpg"
"","228_5.jpg"
"PU:D:0111","229_0.jpg"
"","229_1.jpg"
"","229_2.jpg"
"","229_3.jpg"
"","229_4.jpg"
"","229_5.jpg"
"PU:D:0112","230_0.jpg"
"","230_1.jpg"
"","230_2.jpg"
"","230_3.jpg"
"","230_4.jpg"
"","230_5.jpg"
"PU:D:0113","231_0.jpg"
"","231_1.jpg"
"","231_2.jpg"
"","231_3.jpg"
"","231_4.jpg"
"","231_5.jpg"
"PU:D:0114","232_0.jpg"
"","232_1.jpg"
"","232_2.jpg"
"","232_3.jpg"
"","232_4.jpg"
"","232_5.jpg"
"PU:D:0115","233_0.jpg"
"","233_1.jpg"
"","233_2.jpg"
"","233_3.jpg"
"","233_4.jpg"
"","233_5.jpg"
"PU:D:0116","234_0.jpg"
"","234_1.jpg"
"","234_2.jpg"
"","234_3.jpg"
"","234_4.jpg"
"","234_5.jpg"
"PU:D:0117","235_0.jpg"
"","235_1.jpg"
"","235_2.jpg"
"","235_3.jpg"
"","235_4.jpg"
"","235_5.jpg"
"PU:D:0118","236_0.jpg"
"","236_1.jpg"
"","236_2.jpg"
"","236_3.jpg"
"","236_4.jpg"
"","236_5.jpg"
"PU:D:0119","237_0.jpg"
"","237_1.jpg"
"","237_2.jpg"
"","237_3.jpg"
"","237_4.jpg"
"","237_5.jpg"
"PU:D:0120","238_0.jpg"
"","238_1.jpg"
"","238_2.jpg"
"","238_3.jpg"
"","238_4.jpg"
"","238_5.jpg"
"PU:D:0121","239_0.jpg"
"PU:D:0122","240_0.jpg"
"","240_1.jpg"
"","240_2.jpg"
"","240_3.jpg"
"","240_4.jpg"
"","240_5.jpg"
"PU:D:0123","241_0.jpg"
"","241_1.jpg"
"","241_2.jpg"
"","241_3.jpg"
"PU:D:0124","242_0.jpg"
"","242_1.jpg"
"","242_2.jpg"
"","242_3.jpg"
"PU:D:0125","243_0.jpg"
"","243_1.jpg"
"","243_2.jpg"
"","243_3.jpg"
"PU:D:0126","244_0.jpg"
"","244_1.jpg"
"","244_2.jpg"
"","244_3.jpg"
"","244_4.png"
"PU:D:0127","245_0.jpeg"
"PU:D:0128","246_0.jpg"
"","246_1.jpg"
"","246_2.png"
"PU:D:0129","247_0.jpg"
"","247_1.jpg"
"","247_2.jpg"
"PU:D:0130","248_0.jpg"
"PU:D:0131","249_0.jpg"
"","249_1.jpg"
"PU:D:0132","250_0.jpg"
"PU:D:0133","251_0.jpg"
"PU:D:0134","252_0.jpg"
"PU:D:0135","253_0.jpg"
"PU:D:0136","254_0.jpg"
"PU:D:0137","255_0.jpg"
"","255_1.jpg"
"","255_2.jpg"
"PU:D:0138","256_0.jpg"
"","256_1.png"
"PU:D:0139","257_0.jpg"
"PU:D:0140","258_0.jpeg"
"","258_1.jpg"
"PU:D:0141","259_0.jpeg"
"","259_1.jpg"
"PU:D:0142","260_0.jpeg"
"","260_1.jpg"
"PU:D:0143","261_0.jpeg"
"PU:D:0144","262_0.jpeg"
"","262_1.jpg"
"PU:D:0145","263_0.jpg"
"","263_1.jpg"
"","263_2.jpg"
"PU:D:0146","264_0.jpg"
"","264_1.jpg"
"","264_2.jpg"
"","264_3.png"
"","264_4.png"
"PU:D:0147","265_0.jpg"
"","265_1.jpg"
"","265_2.jpg"
"","265_3.png"
"PU:D:0148","266_0.jpeg"
"","266_1.jpg"
"","266_2.jpg"
"","266_3.jpg"
"","266_4.png"
"","266_5.png"
"PU:D:0149","267_0.jpg"
"","267_1.jpg"
"","267_2.jpg"
"","267_3.png"
"","267_4.png"
"PU:D:0150","268_0.jpg"
"","268_1.png"
"","268_2.png"
"PU:D:0151","269_0.jpg"
"","269_1.jpg"
"","269_2.jpg"
"","269_3.jpg"
"","269_4.jpg"
"","269_5.png"
"PU:D:0152","270_0.jpg"
"","270_1.jpg"
"","270_2.jpg"
"","270_3.png"
"PU:D:0153","271_0.png"
"","271_1.png"
"PU:D:0154","272_0.jpg"
"","272_1.jpg"
"","272_2.jpg"
"PU:D:0155","273_0.jpg"
"BR:0004","274_0.jpg"
"","274_1.jpg"
"BR:0005","275_0.jpeg"
"","275_1.jpg"
"","275_2.jpg"
"","275_3.jpg"
"","275_4.jpg"
"","275_5.jpg"
"BR:0006","276_0.jpeg"
"","276_1.jpg"
"","276_2.jpg"
"","276_3.jpg"
"","276_4.jpg"
"BR:0007","277_0.jpg"
"","277_1.jpg"
"","277_2.jpg"
"","277_3.jpg"
"","277_4.jpg"
"BR:0008","278_0.jpg"
"","278_1.jpg"
"","278_2.jpg"
"BR:0009","279_0.jpg"
"BT:0010","280_0.jpg"
"BR:0010","281_0.jpg"
"BR:0011","282_0.jpg"
"BT:0011","283_0.jpg"
"FM:0000","284_0.jpg"
"FM:0001","285_0.jpg"
"VU:0000","286_0.jpg"
"VU:0001","287_0.jpg"
"VU:0002","288_0.jpg"
"VU:0003","289_0.jpg"
"VU:0004","290_0.jpg"
"VU:0006","292_0.jpg"
"","292_1.jpg"
"VU:0007","293_0.jpg"
"","293_1.jpg"
"VU:0008","294_0.jpg"
"","294_1.png"
"","294_2.png"
"","294_3.png"
"VU:0009","295_0.jpg"
"VU:0010","296_0.jpg"
"","296_1.jpg"
"","296_2.jpg"
"VU:0015","301_0.jpg"
"","301_1.jpg"
"VU:0016","302_0.jpg"
"","302_1.jpg"
"VU:0017","303_0.jpg"
"","303_1.jpg"
"VU:0018","304_0.jpg"
"","304_1.jpg"
"VU:0020","306_0.jpg"
"VU:0021","307_0.jpg"
"","307_1.jpg"
"VU:0023","309_0.jpg"
"","309_1.jpg"
"VC:0000","311_0.jpg"
"VU:0025","312_0.jpg"
"CE:0000","313_0.jpg"
"CE:0001","314_0.jpg"
"CE:0002","315_0.jpg"
"","315_1.jpg"
"AB:0000","316_0.png"
"","316_1.png"
"","316_2.png"
"","316_3.png"
"","316_4.png"
"AB:0001","317_0.jpg"
"","317_1.jpg"
"","317_2.png"
"VU:0026","318_0.jpg"
"","318_1.jpg"
"VU:0027","319_0.jpg"
"FM:0002","320_0.jpg"
"FM:0003","321_0.jpg"
"","321_1.jpg"
"FM:0004","322_0.jpg"
"FM:0005","323_0.jpg"
"","323_1.jpg"
"FM:0006","324_0.jpg"
"","324_1.png"
"","324_2.png"
"","324_3.png"
"","324_4.png"
"","324_5.png"
"","324_6.png"
"","324_7.png"
"FM:0007","325_0.jpg"
"FM:0008","326_0.jpg"
"VC:0001","327_0.jpg"
"VC:0002","328_0.jpg"
"VC:0003","329_0.jpg"
"AB:0002","330_0.jpg"
"AB:0003","331_0.jpg"
"AB:0004","332_0.jpg"
"S:0000","333_0.jpg"
"","333_1.jpg"
"","333_2.jpg"
"","333_3.jpg"
"","333_4.jpg"
"VC:0004","334_0.jpg"
"VC:0005","335_0.jpg"
"","335_1.jpg"
"","335_2.jpg"
"","335_3.jpg"
"CE:0003","336_0.jpg"
"","336_1.jpg"
"","336_2.jpg"
"","336_3.jpg"
"","336_4.jpg"
"","336_5.jpg"
"CE:0004","337_0.jpg"
"","337_1.jpg"
"","337_2.jpg"
"","337_3.jpg"
"","337_4.jpg"
"","337_5.jpg"
"CE:0005","338_0.jpg"
"","338_1.jpg"
"","338_2.jpg"
"","338_3.jpg"
"","338_4.jpg"
"","338_5.jpg"
"CE:0006","339_0.jpg"
"","339_1.jpg"
"","339_2.jpg"
"","339_3.jpg"
"","339_4.jpg"
"CE:0007","340_0.jpg"
"","340_1.jpg"
"","340_2.jpg"
"","340_3.jpg"
"S:0001","341_0.jpg"
"","341_1.jpg"
"","341_2.jpg"
"","341_3.jpg"
"","341_4.jpg"
"S:0002","342_0.jpg"
"","342_1.jpg"
"","342_2.jpg"
"FM:0009","343_0.jpg"
"","343_1.jpg"
"","343_2.jpg"
"","343_3.jpg"
"","343_4.jpg"
"","343_5.jpg"
"","343_6.jpg"
"FM:0010","344_0.jpg"
"","344_1.jpg"
"","344_2.jpg"
"FM:0011","345_0.jpg"
"","345_1.jpg"
"","345_2.jpg"
"","345_3.jpg"
"","345_4.jpg"
"","345_5.jpg"
"","345_6.jpg"
"VU:0028","346_0.jpg"
"","346_1.jpg"
"","346_2.jpg"
"VU:0029","347_0.jpg"
"","347_1.jpg"
"","347_2.jpg"
"VU:0030","348_0.jpg"
"","348_1.jpg"
"","348_2.jpg"
"","348_3.jpg"
"","348_4.jpg"
"","348_5.jpg"
"VU:0031","349_0.jpg"
"","349_1.jpg"
"","349_2.jpg"
"VC:0006","350_0.jpg"
"","350_1.jpg"
"","350_2.jpg"
"","350_3.jpg"
"H:0012","351_0.jpg"
"","351_1.jpg"
"","351_2.jpg"
"H:0013","352_0.jpg"
"H:0014","353_0.jpg"
"","353_1.jpg"
"H:0015","354_0.jpg"
"","354_1.jpg"
"H:0016","355_0.jpg"
"","355_1.jpg"
"","355_2.jpg"
"H:0017","356_0.jpg"
"H:0018","357_0.jpg"
"H:0019","358_0.jpg"
"H:0020","359_0.jpg"
"H:0021","360_0.jpg"
"VC:0007","361_0.jpg"
"VC:0008","362_0.jpg"
"VC:0009","363_0.jpg"
"VC:0010","364_0.jpg"
"VC:0011","365_0.jpg"
"VC:0013","367_0.jpg"
"VC:0014","368_0.jpg"
"","368_1.jpg"
"","368_2.jpg"
"","368_3.jpg"
"","368_4.jpg"
"VC:0015","369_0.jpg"
"","369_1.jpg"
"","369_2.jpg"
"VU:0032","370_0.jpg"
"","370_1.jpg"
"","370_2.jpg"
"","370_3.jpg"
"","370_4.jpg"
"","370_5.jpg"
"VU:0033","371_0.jpg"
"","371_1.jpg"
"","371_2.jpg"
"","371_3.jpg"
"VU:0034","372_0.jpg"
"","372_1.jpg"
"VU:0035","373_0.jpg"
"","373_1.jpg"
"","373_2.jpg"
"VU:0036","374_0.jpg"
"","374_1.jpg"
"","374_2.jpg"
"","374_3.jpg"
"","374_4.jpg"
"VU:0037","375_0.jpg"
"","375_1.jpg"
"","375_2.jpg"
"","375_3.jpg"
"","375_4.jpg"
"VU:0039","377_0.jpg"
"","377_1.jpg"
"","377_2.jpg"
"","377_3.jpg"
"","377_4.jpg"
"VU:0041","379_0.jpg"
"VC:0016","382_0.jpg"
"VC:0017","383_0.jpg"
"","383_1.jpg"
"","383_2.jpg"
"VC:0018","384_0.jpg"
"","384_1.jpg"
"VC:0019","385_0.jpg"
"","385_1.jpg"
"VU:0044","386_0.jpg"
"","386_1.jpg"
"","386_2.jpg"
"VC:0020","387_0.jpg"
"VC:0021","388_0.jpg"
"H:0022","389_0.jpg"
"","389_1.jpg"
"VC:0022","390_0.jpg"
"","390_1.jpg"
"VC:0023","391_0.jpg"
"VC:0024","392_0.jpg"
"","392_1.jpg"
"","392_2.jpg"
"","392_3.jpg"
"","392_4.jpg"
"VU:0045","393_0.jpg"
"VC:0025","394_0.jpg"
"","394_1.jpg"
"","394_2.jpg"
"","394_3.jpg"
"","394_4.jpg"
"VC:0026","395_0.jpg"
"VC:0027","396_0.jpg"
"VC:0028","397_0.jpg"
"","397_1.jpg"
"VC:0029","398_0.jpg"
"","398_1.jpg"
"","398_2.jpg"
"","398_3.jpg"
"","398_4.jpg"
"","398_5.jpg"
"VC:0030","399_0.jpg"
"","399_1.jpg"
"","399_2.jpg"
"","399_3.jpg"
"VU:0046","400_0.jpg"
"","400_1.jpg"
"","400_2.jpg"
"","400_3.jpg"
"VC:0031","401_0.jpeg"
"","401_1.jpg"
"","401_2.jpg"
"","401_3.jpg"
"","401_4.jpg"
"","401_5.jpg"
"","401_6.jpg"
"VC:0032","402_0.jpg"
"","402_1.jpg"
"","402_2.jpg"
"","402_3.jpg"
"","402_4.jpg"
"VC:0033","403_0.jpg"
"","403_1.jpg"
"","403_2.jpg"
"","403_3.jpg"
"","403_4.jpg"
"","403_5.jpg"
"VC:0034","404_0.jpg"
"","404_1.jpg"
"","404_2.jpg"
"","404_3.jpg"
"","404_4.jpg"
"","404_5.jpg"
"VC:0035","405_0.jpg"
"","405_1.jpg"
"","405_2.jpg"
"","405_3.jpg"
"VC:0036","406_0.jpg"
"","406_1.jpg"
"","406_2.jpg"
"","406_3.jpg"
"","406_4.jpg"
"","406_5.jpg"
"VC:0037","407_0.jpg"
"","407_1.jpg"
"","407_2.jpg"
"","407_3.jpg"
"","407_4.jpg"
"VC:0038","408_0.jpg"
"","408_1.jpg"
"","408_2.jpg"
"","408_3.jpg"
"","408_4.jpg"
"","408_5.jpg"
"","408_6.jpg"
"VC:0039","409_0.jpg"
"","409_1.jpg"
"","409_2.jpg"
"","409_3.jpg"
"VC:0040","410_0.jpg"
"VC:0041","411_0.jpg"
"","411_1.jpg"
"","411_2.jpg"
"","411_3.jpg"
"VC:0043","413_0.jpg"
"VC:0044","414_0.jpg"
"","414_1.jpg"
"","414_2.jpg"
"","414_3.jpg"
"","414_4.jpg"
"","414_5.jpg"
"VC:0045","415_0.jpg"
"","415_1.jpg"
"","415_2.jpg"
"","415_3.jpg"
"","415_4.jpg"
"","415_5.jpg"
"VC:0046","416_0.jpg"
"","416_1.jpg"
"","416_2.jpg"
"","416_3.jpg"
"VC:0047","417_0.jpg"
"","417_1.jpg"
"","417_2.jpg"
"","417_3.jpg"
"","417_4.jpg"
"","417_5.jpg"
"VU:0047","418_0.jpg"
"","418_1.jpg"
"","418_2.jpg"
"","418_3.jpg"
"","418_4.jpg"
"VU:0048","419_0.jpg"
"","419_1.jpg"
"","419_2.jpg"
"","419_3.jpg"
"","419_4.jpg"
"","419_5.jpg"
"VU:0049","420_0.jpg"
"","420_1.jpg"
"","420_2.jpg"
"","420_3.jpg"
"VU:0050","421_0.jpg"
"","421_1.jpg"
"","421_2.jpg"
"","421_3.jpg"
"VU:0051","422_0.jpg"
"","422_1.jpg"
"","422_2.jpg"
"","422_3.jpg"
"","422_4.jpg"
"VU:0052","423_0.jpg"
"","423_1.jpg"
"","423_2.jpg"
"VU:0053","424_0.jpg"
"","424_1.jpg"
"","424_2.jpg"
"","424_3.jpg"
"","424_4.jpg"
"","424_5.jpg"
"MT:0000","425_0.jpg"
"MT:0001","426_0.jpg"
"","426_1.jpg"
"","426_2.jpg"
"","426_3.jpg"
"","426_4.jpg"
"MT:0002","427_0.jpg"
"","427_1.jpg"
"","427_2.jpg"
"","427_3.jpg"
"","427_4.jpg"
"","427_5.jpg"
"","427_6.jpg"
"MT:0003","428_0.jpg"
"","428_1.jpg"
"","428_2.jpg"
"","428_3.jpg"
"MT:0004","429_0.jpg"
"","429_1.jpg"
"","429_2.jpg"
"","429_3.jpg"
"","429_4.jpg"
"","429_5.jpg"
"","429_6.jpg"
"MT:0005","430_0.jpeg"
"","430_1.jpg"
"","430_2.jpg"
"","430_3.jpg"
"","430_4.jpg"
"","430_5.jpg"
"","430_6.jpg"
"MT:0006","431_0.jpg"
"","431_1.gif"
"MT:0007","432_0.jpg"
"","432_1.gif"
"MT:0008","433_0.jpg"
"MT:0009","434_0.jpg"
"MT:0010","435_0.jpg"
"MT:0012","437_0.jpg"
"MT:0013","438_0.jpg"
"MT:0014","439_0.jpg"
"","439_1.jpg"
"MT:0016","441_0.jpg"
"MT:0017","442_0.jpg"
"MT:0018","443_0.jpg"
"MT:0019","444_0.jpg"
"MT:0020","445_0.jpg"
"MT:0021","446_0.jpg"
"MT:0022","447_0.jpg"
"MT:0023","448_0.jpg"
"MT:0024","449_0.jpg"
"MT:0025","450_0.jpg"
"MT:0026","451_0.jpg"
"MT:0027","452_0.jpg"
"MT:0028","453_0.jpg"
"MT:0029","454_0.jpg"
"MT:0030","455_0.jpg"
"MT:0031","456_0.jpg"
"MT:0032","457_0.jpg"
"MT:0033","458_0.jpg"
"MT:0034","459_0.jpg"
"MT:0035","460_0.jpg"
"MT:0036","461_0.jpg"
"MT:0037","462_0.jpg"
"MT:0038","463_0.jpg"
"MT:0039","464_0.jpg"
"MT:0040","465_0.jpg"
"MT:0041","466_0.jpg"
"MT:0042","467_0.jpg"
"MT:0043","468_0.jpg"
"MT:0044","469_0.jpg"
"MT:0045","470_0.jpg"
"MT:0046","471_0.jpg"
"MT:0047","472_0.jpg"
"MT:0048","473_0.jpg"
"MT:0049","474_0.jpg"
"MT:0050","475_0.jpg"
"MT:0051","476_0.jpg"
"MT:0052","477_0.jpg"
"MT:0053","478_0.jpg"
"MT:0054","479_0.jpg"
"MT:0055","480_0.jpg"
"MT:0056","481_0.jpg"
"MT:0057","482_0.jpg"
"MT:0058","483_0.jpg"
"MT:0059","484_0.jpg"
"MT:0060","485_0.jpg"
"MT:0061","486_0.jpg"
"MT:0062","487_0.jpg"
"MT:0063","488_0.jpg"
"MT:0064","489_0.jpg"
"MT:0065","490_0.jpg"
"MT:0066","491_0.jpg"
"MT:0067","492_0.jpg"
"H:0023","493_0.jpg"
"H:0024","494_0.jpg"
"PU:D:0159","499_0.jpg"
"PU:D:0162","502_0.jpg"
"PU:D:0163","503_0.jpg"
"PU:D:0164","504_0.jpg"
"PU:D:0165","505_0.jpg"
"PU:D:0166","506_0.jpg"
"","506_1.png"
"PU:D:0168","508_0.jpg"
"","508_1.png"
"PU:D:0169","509_0.jpg"
"","509_1.jpg"
"","509_2.jpg"
"","509_3.jpg"
"","509_4.jpg"
"","509_5.jpg"
"","509_6.jpg"
"","509_7.jpg"
"PU:D:0170","510_0.jpg"
"","510_1.jpg"
"","510_2.jpg"
"","510_3.jpg"
"","510_4.jpg"
"PU:D:0171","511_0.jpg"
"","511_1.jpg"
"","511_2.jpg"
"","511_3.jpg"
"","511_4.jpg"
"","511_5.jpg"
"","511_6.jpg"
"","511_7.jpg"
"PU:D:0172","512_0.jpg"
"","512_1.jpg"
"","512_2.jpg"
"","512_3.png"
"PU:D:0173","513_0.jpg"
"","513_1.jpg"
"","513_2.jpg"
"","513_3.jpg"
"","513_4.jpg"
"PU:D:0174","514_0.jpg"
"PU:W:0013","515_0.jpg"
"","515_1.jpg"
"","515_2.jpg"
"","515_3.jpg"
"","515_4.jpg"
"","515_5.jpg"
"","515_6.jpg"
"","515_7.jpg"
"","515_8.jpg"
"PU:W:0017","519_0.jpg"
"","519_1.jpg"
"","519_2.jpg"
"","519_3.jpg"
"","519_4.jpg"
"","519_5.jpg"
"","519_6.jpg"
"PU:D:0176","524_0.jpg"
"","524_1.jpg"
"PU:W:0022","528_0.jpg"
"","528_1.jpg"
"PU:D:0179","529_0.jpg"
"","529_1.jpg"
"","529_2.jpg"
"","529_3.jpg"
"PU:D:0180","530_0.jpg"
"","530_1.jpg"
"","530_2.jpg"
"","530_3.jpg"
"PU:W:0023","531_0.jpg"
"","531_1.jpg"
"","531_2.jpg"
"","531_3.jpg"
"PU:D:0181","536_0.jpg"
"PU:D:0182","537_0.jpg"
"","537_1.jpg"
"PU:D:0183","538_0.jpg"
"PU:D:0184","539_0.jpg"
"VC:0048","540_0.jpg"
"","540_1.png"
"PU:D:0185","541_0.jpg"
"","541_1.png"
"VC:0049","542_0.jpg"
"","542_1.jpg"
"PU:D:0186","543_0.jpg"
"","543_1.jpg"
"VC:0050","544_0.png"
"PU:D:0187","546_0.jpg"
"PU:D:0188","547_0.jpg"
"PU:D:0189","548_0.jpg"
"PU:D:0190","549_0.jpg"
"","549_1.jpg"
"PU:D:0191","550_0.png"
"PU:D:0192","551_0.png"
"PU:D:0193","552_0.png"
"PU:D:0194","553_0.png"
"PU:D:0195","554_0.jpg"
"PU:D:0196","555_0.png"
"PU:D:0197","556_0.jpg"
"","556_1.jpg"
"PU:D:0198","557_0.jpg"
"","557_1.gif"
"PU:D:0199","558_0.jpg"
"PU:D:0200","559_0.jpg"
"","559_1.jpg"
"PU:D:0201","560_0.jpg"
"PU:D:0202","561_0.jpg"
"PU:D:0203","562_0.jpg"
"PU:D:0207","566_0.jpeg"
"","566_1.gif"
"PU:D:0208","567_0.jpg"
"","567_1.jpg"
"","567_2.jpg"
"VU:0058","568_0.png"
"VU:0059","569_0.jpg"
"","569_1.png"
"VU:0060","570_0.png"
"","570_1.png"
"VC:0052","571_0.jpeg"
"","571_1.png"
"","571_2.png"
"VC:0053","572_0.jpg"
"","572_1.png"
"VC:0054","573_0.jpg"
"","573_1.png"
"VC:0055","574_0.jpg"
"VC:0056","575_0.jpg"
"","575_1.png"
"VC:0057","576_0.jpg"
"VU:0061","577_0.jpg"
"VB:0011","578_0.jpg"
"","578_1.jpg"
"","578_2.jpg"
"VB:0012","579_0.jpg"
"","579_1.jpg"
"","579_2.jpg"
"","579_3.jpg"
"EP:0069
","580_0.jpg"
"EP:0070
","581_0.jpg"
"EP:0071
","583_0.jpg"
"","583_1.jpg"
"","583_2.jpg"
"EP:0016","591_0.jpg"
"","591_1.jpg"
"EP:0017","592_0.gif"
"EP:0018","593_0.gif"
"EP:0074","594_0.jpg"
"","594_1.jpg"
"","594_2.jpg"
"","594_3.jpg"
"EP:0019","595_0.jpg"
"","595_1.jpg"
"","595_2.jpg"
"","595_3.jpg"
"EP:0020","596_0.jpg"
"","596_1.jpg"
"EP:0021","597_0.jpg"
"","597_1.jpg"
"","597_2.jpg"
"","597_3.jpg"
"","597_4.jpg"
"","597_5.jpg"
"","597_6.jpg"
"EP:0022","598_0.jpg"
"","598_1.jpg"
"","598_2.jpg"
"","598_3.jpg"
"","598_4.jpg"
"","598_5.jpg"
"","598_6.jpg"
"EP:0023","599_0.jpg"
"","599_1.jpg"
"","599_2.jpg"
"","599_3.jpg"
"","599_4.jpg"
"","599_5.jpg"
"","599_6.jpg"
"EP:0024","600_0.jpeg"
"EP:0025","601_0.jpeg"
"EP:0027","603_0.jpg"
"TP:0009","605_0.jpeg"
"TP:0010","606_0.jpeg"
"","606_1.jpg"
"TP:0011","607_0.jpeg"
"TP:0012","608_0.jpg"
"TP:0013","609_0.jpeg"
"","609_1.png"
"TP:0014","610_0.jpeg"
"TP:0015","611_0.jpg"
"","611_1.jpg"
"TP:0016","612_0.jpeg"
"","612_1.jpg"
"TP:0017","613_0.jpg"
"TP:0018","614_0.jpg"
"","614_1.jpg"
"TP:0020","616_0.jpg"
"","616_1.jpg"
"","616_2.jpg"
"TP:0021","617_0.jpg"
"TP:0022","618_0.jpeg"
"W:0012","619_0.jpg"
"","619_1.png"
"W:0013","620_0.png"
"","620_1.png"
"W:0014","621_0.jpg"
"W:0015","622_0.jpg"
"W:0016","623_0.jpg"
"W:0017","624_0.jpg"
"","624_1.jpg"
"","624_2.jpg"
"","624_3.jpg"
"W:0018","625_0.jpeg"
"W:0019","626_0.jpg"
"","626_1.jpg"
"","626_2.jpg"
"W:0020","627_0.jpg"
"","627_1.jpg"
"","627_2.jpg"
"","627_3.png"
"","627_4.png"
"W:0021","628_0.jpg"
"W:0022","629_0.jpg"
"W:0023","630_0.jpeg"
"W:0024","631_0.jpeg"
"W:0025","632_0.jpg"
"","632_1.jpg"
"W:0026","633_0.jpeg"
"W:0027","634_0.jpeg"
"W:0028","635_0.jpeg"
"","635_1.jpg"
"W:0029","636_0.jpeg"
"W:0030","637_0.jpeg"
"EP:0028","638_0.jpeg"
"W:0031","639_0.jpeg"
"W:0032","640_0.jpg"
"EP:0029","641_0.jpeg"
"W:0033","642_0.jpeg"
"W:0035","644_0.jpeg"
"W:0036","645_0.jpeg"
"W:0039","648_0.jpeg"
"W:0041","650_0.png"
"W:0044","653_0.jpg"
"","653_1.jpg"
"","653_2.jpg"
"","653_3.jpg"
"","653_4.jpg"
"","653_5.jpg"
"","653_6.jpg"
"","653_7.jpg"
"W:0047","656_0.jpg"
"","656_1.jpg"
"","656_2.jpg"
"","656_3.jpg"
"","656_4.jpg"
"","656_5.jpg"
"","656_6.jpg"
"","656_7.jpg"
"W:0048","657_0.jpeg"
"W:0049","658_0.jpeg"
"W:0054","663_0.png"
"W:0056","665_0.jpg"
"W:0058","667_0.jpeg"
"","667_1.jpeg"
"","667_2.jpeg"
"W:0065","676_0.jpg"
"","676_1.jpg"
"EP:0033","679_0.jpg"
"","679_1.jpg"
"EP:0042","691_0.jpeg"
"EP:0043","692_0.jpeg"
"EP:0046","695_0.jpg"
"EP:0047","696_0.jpg"
"EP:0048","697_0.jpg"
"H:0037","714_0.jpg"
"H:0039","716_0.jpeg"
"","716_1.jpg"
"H:0040","717_0.jpg"
"","717_1.jpg"
"WI:0019","720_0.jpg"
"","720_1.jpg"
"WI:0021","722_0.jpg"
"","722_1.jpg"
"","722_2.jpg"
"","722_3.jpg"
"AD:0005","725_0.jpg"
"","725_1.jpg"
"AD:0006","726_0.png"
"AD:0007","727_0.png"
"AD:0008","728_0.png"
"AD:0009","729_0.jpg"
"AD:0010","730_0.jpg"
"AD:0011","731_0.jpg"
"AD:0012","732_0.jpg"
"AD:0013","733_0.jpg"
"AD:0014","734_0.jpg"
"WI:0023","735_0.jpg"
"WI:0024","736_0.jpg"
"","736_1.jpg"
"WI:0025","737_0.jpg"
"","737_1.jpg"
"WI:0026","738_0.jpg"
"","738_1.jpg"
"WI:0027","739_0.jpg"
"","739_1.jpg"
"WI:0028","740_0.jpg"
"","740_1.jpg"
"","740_2.jpg"
"","740_3.jpg"
"WI:0029","741_0.jpg"
"","741_1.jpg"
"","741_2.jpg"
"","741_3.jpg"
"WI:0030","742_0.jpg"
"","742_1.jpg"
"WI:0031","743_0.jpg"
"","743_1.jpg"
"WI:0032","744_0.jpg"
"","744_1.jpg"
"","744_2.jpg"
"","744_3.jpg"
"","744_4.jpg"
"","744_5.jpg"
"","744_6.jpg"
"WI:0033","745_0.jpg"
"","745_1.jpg"
"","745_2.jpg"
"","745_3.jpg"
"","745_4.jpg"
"","745_5.jpg"
"","745_6.jpg"
"WI:0034","746_0.jpg"
"","746_1.jpg"
"WI:0035","747_0.jpg"
"","747_1.jpg"
"WI:0036","748_0.jpg"
"","748_1.jpg"
"WI:0037","749_0.jpg"
"","749_1.jpg"
"WI:0038","750_0.jpg"
"","750_1.jpg"
"WI:0039","751_0.jpg"
"","751_1.jpg"
"WI:0040","752_0.jpg"
"","752_1.jpg"
"WI:0041","753_0.jpg"
"","753_1.jpg"
"","753_2.jpg"
"","753_3.jpg"
"WI:0042","754_0.jpg"
"","754_1.jpg"
"","754_2.jpg"
"","754_3.jpg"
"WI:0043","755_0.jpg"
"","755_1.jpg"
"WI:0044","756_0.jpg"
"","756_1.jpg"
"WI:0045","757_0.jpg"
"","757_1.jpg"
"WI:0047","759_0.jpg"
"","759_1.jpg"
"","759_2.jpg"
"","759_3.jpg"
"","759_4.jpg"
"WI:0048","760_0.jpg"
"","760_1.jpg"
"","760_2.jpg"
"","760_3.jpg"
"","760_4.jpg"
"WI:0049","761_0.jpg"
"","761_1.jpg"
"","761_2.jpg"
"","761_3.jpg"
"","761_4.jpg"
"BT:0023","779_0.jpg"
"","779_1.jpg"
"","779_2.jpg"
"","779_3.jpg"
"BT:0030","787_0.jpg"
"VU:0062","788_0.jpg"
"VU:0063","789_0.jpg"
"BR:0015","792_0.jpg"
"BS:0003","802_0.jpg"
"TP:0023","803_0.jpg"
"","803_1.jpg"
"EP:0060","810_0.jpg"
"F:0001","818_0.jpg"
"BG:0003","819_0.jpg"
"F:0002","821_0.jpg"
"F:0007","829_0.jpg"
"","829_1.jpg"
"BG:0009","832_0.jpg"
"","832_1.jpg"
"F:0009","833_0.jpg"
"BG:0010","834_0.jpg"
"BG:0011","835_0.jpg"
"BG:0012","836_0.jpg"
"","836_1.jpg"
"F:0010","837_0.jpg"
"F:0011","838_0.jpg"
"BG:0013","839_0.jpeg"
"F:0012","840_0.jpg"
"F:0013","842_0.jpg"
"BG:0015","843_0.jpg"
"BG:0016","844_0.jpg"
"F:0014","845_0.jpg"
"BG:0017","846_0.jpg"
"BG:0019","849_0.jpg"
"BG:0022","852_0.jpg"
"","852_1.jpg"
"","852_2.jpg"
"F:0016","853_0.jpg"
"","853_1.jpg"
"","853_2.jpg"
"BG:0023","854_0.jpg"
"","854_1.jpg"
"","854_2.jpg"
"F:0017","855_0.jpg"
"BG:0024","856_0.jpg"
"","856_1.jpg"
"","856_2.jpg"
"BG:0025","857_0.jpg"
"F:0018","858_0.jpg"
"F:0019","859_0.jpg"
"","859_1.jpg"
"F:0020","860_0.jpg"
"F:0021","861_0.jpg"
"","861_1.jpg"
"","861_2.jpg"
"F:0022","862_0.jpg"
"F:0023","863_0.jpg"
"","863_1.jpg"
"","863_2.jpg"
"F:0024","864_0.jpg"
"F:0025","865_0.jpg"
"F:0027","867_0.jpg"
"","867_1.jpg"
"F:0029","869_0.jpg"
"","869_1.jpg"
"","869_2.jpg"
"","869_3.jpg"
"F:0030","870_0.jpg"
"","870_1.jpg"
"","870_2.jpg"
"","870_3.jpg"
"F:0032","872_0.jpg"
"F:0033","873_0.jpg"
"F:0034","874_0.jpg"
"F:0035","875_0.jpg"
"F:0036","876_0.jpg"
"F:0037","877_0.jpg"
"BG:0027","881_0.jpg"
"BG:0030","884_0.jpg"
"BG:0031","885_0.jpg"
"BG:0032","886_0.jpg"
"BG:0033","887_0.jpg"
"BG:0034","888_0.jpg"
"BG:0035","889_0.jpg"
"BG:0036","890_0.jpg"
"BG:0037","891_0.jpg"
"BG:0038","892_0.jpg"
"BG:0039","893_0.jpg"
"BG:0040","894_0.jpg"
"BG:0041","895_0.jpg"
"BG:0042","896_0.jpg"
"","896_1.jpg"
"","896_2.jpg"
"F:0040","897_0.jpg"
"","897_1.jpg"
"","897_2.jpg"
"F:0041","898_0.jpg"
"F:0042","899_0.jpg"
"F:0043","900_0.jpg"
"","900_1.jpg"
"","900_2.jpg"
"BG:0043","901_0.jpg"
"","901_1.jpg"
"","901_2.jpg"
"BG:0044","902_0.jpg"
"","902_1.jpg"
"","902_2.jpg"
"F:0044","903_0.jpg"
"","903_1.jpg"
"","903_2.jpg"
"F:0045","905_0.jpg"
"","905_1.jpg"
"F:0046","906_0.jpg"
"","906_1.jpg"
"","906_2.jpg"
"F:0047","907_0.jpg"
"","907_1.jpg"
"","907_2.jpg"
"F:0048","908_0.jpg"
"F:0049","909_0.jpg"
"F:0050","910_0.jpg"
"","910_1.jpg"
"","910_2.jpg"
"F:0051","911_0.jpg"
"","911_1.jpg"
"F:0052","912_0.jpg"
"","912_1.jpg"
"","912_2.jpg"
"F:0053","913_0.jpg"
"","913_1.jpg"
"","913_2.jpg"
"F:0054","914_0.jpg"
"","914_1.jpg"
"","914_2.jpg"
"F:0055","915_0.jpg"
"","915_1.jpg"
"","915_2.jpg"
"","915_3.jpg"
"F:0056","916_0.jpg"
"","916_1.jpg"
"F:0057","917_0.jpg"
"","917_1.jpg"
"F:0058","918_0.jpg"
"","918_1.jpg"
"F:0059","919_0.jpg"
"F:0060","920_0.jpg"
"","920_1.png"
"F:0062","922_0.jpg"
"","922_1.png"
"F:0063","923_0.jpg"
"","923_1.png"
"F:0065","925_0.jpg"
"","925_1.jpg"
"F:0066","926_0.jpg"
"","926_1.jpg"
"F:0067","927_0.jpg"
"","927_1.jpg"
"F:0068","928_0.jpg"
"F:0070","930_0.jpg"
"F:0071","931_0.jpg"
"","931_1.jpg"
"F:0072","932_0.jpg"
"","932_1.jpg"
"F:0073","933_0.jpg"
"F:0075","935_0.jpg"
"F:0076","936_0.jpg"
"","936_1.jpg"
"F:0077","937_0.jpg"
"","937_1.jpg"
"F:0078","938_0.jpg"
"F:0079","939_0.jpg"
"","939_1.jpg"
"F:0080","940_0.jpg"
"","940_1.jpg"
"F:0081","941_0.jpg"
"","941_1.jpg"
"F:0082","942_0.jpg"
"F:0083","943_0.jpg"
"","943_1.jpg"
"","943_2.jpg"
"F:0084","944_0.jpg"
"F:0087","947_0.jpg"
"F:0088","948_0.jpg"
"","948_1.jpg"
"","948_2.jpg"
"F:0089","949_0.jpg"
"F:0092","952_0.jpg"
"","952_1.jpg"
"","952_2.jpg"
"F:0093","953_0.jpg"
"","953_1.jpg"
"","953_2.jpg"
"F:0094","954_0.jpg"
"","954_1.jpg"
"F:0095","955_0.jpg"
"","955_1.jpg"
"F:0096","956_0.jpg"
"F:0097","957_0.jpg"
"F:0098","958_0.jpg"
"BG:0046","959_0.jpg"
"F:0099","960_0.jpg"
"","960_1.jpg"
"","960_2.jpg"
"F:0100","961_0.jpg"
"","961_1.jpg"
"","961_2.jpg"
"F:0101","962_0.jpg"
"F:0102","963_0.jpg"
"F:0103","964_0.jpg"
"","964_1.jpg"
"F:0104","965_0.jpg"
"F:0105","966_0.jpg"
"F:0106","967_0.jpg"
"","967_1.png"
"F:0107","968_0.jpg"
"","968_1.jpg"
"","968_2.jpg"
"F:0108","969_0.jpg"
"","969_1.jpg"
"F:0109","970_0.jpg"
"","970_1.jpg"
"F:0111","972_0.jpg"
"F:0112","973_0.jpg"
"","973_1.jpg"
"F:0119","980_0.jpg"
"F:0120","981_0.jpg"
"F:0122","983_0.jpg"
"F:0123","984_0.jpg"
"F:0127","988_0.jpg"
"F:0130","991_0.jpg"
"F:0135","996_0.png"
"","996_1.png"
"F:0136","997_0.png"
"","997_1.png"
"F:0137","998_0.jpg"
"","998_1.png"
"F:0138","999_0.png"
"F:0139","1000_0.png"
"F:0140","1001_0.png"
"F:0141","1002_0.png"
"F:0142","1003_0.png"
"","1003_1.png"
"F:0143","1004_0.png"
"F:0144","1005_0.png"
"F:0145","1006_0.png"
"F:0146","1007_0.png"
"F:0147","1008_0.png"
"F:0148","1009_0.jpg"
"F:0149","1010_0.png"
"F:0150","1011_0.png"
"F:0152","1013_0.png"
"F:0153","1014_0.png"
"F:0154","1015_0.png"
"F:0155","1016_0.png"
"F:0156","1017_0.png"
"F:0157","1018_0.png"
"F:0158","1019_0.png"
"","1019_1.png"
"F:0159","1020_0.png"
"F:0160","1021_0.png"
"","1021_1.png"
"F:0161","1022_0.png"
"","1022_1.png"
"F:0162","1023_0.png"
"F:0163","1024_0.png"
"F:0164","1025_0.png"
"F:0165","1026_0.png"
"","1026_1.png"
"F:0166","1027_0.png"
"F:0167","1028_0.png"
"","1028_1.png"
"F:0168","1029_0.png"
"F:0169","1030_0.png"
"F:0170","1031_0.jpg"
"","1031_1.png"
"","1031_2.png"
"F:0171","1032_0.png"
"BG:0047","1033_0.png"
"F:0172","1034_0.png"
"BG:0048","1035_0.png"
"F:0173","1036_0.png"
"","1036_1.png"
"F:0174","1037_0.png"
"BG:0049","1038_0.png"
"F:0175","1039_0.png"
"F:0176","1040_0.png"
"BG:0050","1041_0.png"
"F:0177","1042_0.png"
"","1042_1.png"
"F:0178","1043_0.png"
"F:0179","1044_0.png"
"","1044_1.png"
"F:0180","1045_0.png"
"F:0181","1046_0.png"
"BG:0051","1047_0.png"
"F:0182","1048_0.png"
"F:0183","1049_0.png"
"F:0184","1050_0.png"
"","1050_1.png"
"F:0185","1051_0.png"
"F:0186","1052_0.png"
"F:0187","1053_0.png"
"BG:0052","1054_0.png"
"F:0188","1055_0.png"
"F:0189","1056_0.png"
"F:0190","1057_0.png"
"F:0191","1058_0.png"
"BG:0053","1059_0.png"
"F:0192","1060_0.jpg"
"","1060_1.png"
"BG:0054","1061_0.png"
"F:0193","1062_0.png"
"F:0194","1063_0.png"
"F:0195","1064_0.png"
"F:0196","1065_0.png"
"F:0197","1066_0.png"
"F:0198","1067_0.png"
"F:0199","1068_0.png"
"F:0200","1069_0.png"
"F:0201","1070_0.png"
"F:0202","1071_0.png"
"","1071_1.png"
"F:0203","1072_0.png"
"H:0043","1073_0.png"
"H:0044","1074_0.png"
"H:0045","1075_0.png"
"H:0046","1076_0.jpg"
"BR:0022","1077_0.jpg"
"BR:0023","1078_0.jpg"
"BS:0004","1079_0.jpg"
"BS:0005","1080_0.jpg"
"BS:0006","1081_0.jpg"
"TH:0000","1082_0.jpg"
"","1082_1.jpg"
"TH:0001","1083_0.jpg"
"TH:0002","1084_0.jpg"
"TH:0003","1085_0.jpg"
"TH:0004","1086_0.jpg"
"TH:0005","1087_0.jpg"
"M:0000","1088_0.jpg"
"M:0001","1089_0.jpg"
"M:0002","1090_0.jpg"
"M:0003","1091_0.jpg"
"M:0004","1092_0.jpg"
"HS:0000","1094_0.jpg"
"HS:0002","1096_0.jpg"
"HS:0003","1097_0.jpg"
"HS:0004","1098_0.jpg"
"M:0006","1099_0.jpg"
"EV:0000","1100_0.jpg"
"EV:0001","1101_0.jpg"
"EV:0002","1102_0.jpg"
"BG:0055","1103_0.jpg"
"","1103_1.jpg"
"CB:0001","1105_0.jpg"
"CB:0003","1107_0.jpg"
"CB:0007","1111_0.jpg"
"CB:0008","1112_0.jpg"
"BG:0056","1113_0.jpg"
"PF:0000","1114_0.jpg"
"PF:0001","1115_0.jpg"
"","1115_1.jpg"
"PF:0002","1116_0.jpg"
"PF:0003","1117_0.jpg"
"PF:0005","1119_0.jpg"
"PF:0006","1120_0.jpg"
"PF:0007","1121_0.jpg"
"PF:0008","1122_0.jpg"
"PF:0012","1126_0.jpeg"
"","1126_1.jpg"
"PF:0014","1128_0.jpeg"
"","1128_1.jpg"
"","1128_2.jpg"
"MB:0004","1129_0.jpeg"
"","1129_1.jpg"
"PF:0015","1130_0.jpg"
"PF:0018","1133_0.jpg"
"MT:0068","1134_0.jpg"
"MT:0069","1135_0.jpg"
"MT:0070","1136_0.jpg"
"MT:0071","1137_0.jpg"
"MT:0072","1138_0.jpg"
"MT:0073","1139_0.jpg"
"","1139_1.png"
"MT:0074","1140_0.jpg"
"MT:0075","1141_0.jpg"
"","1141_1.png"
"CB:0010","1143_0.jpg"
"CB:0011","1144_0.jpg"
"","1144_1.jpg"
"","1144_2.jpg"
"","1144_3.jpg"
"CB:0012","1145_0.jpg"
"CB:0014","1147_0.jpg"
"CB:0016","1149_0.jpg"
"CB:0017","1150_0.jpg"
"","1150_1.jpg"
"CB:0018","1151_0.jpg"
"","1151_1.jpg"
"CB:0019","1152_0.jpg"
"","1152_1.jpg"
"CB:0020","1153_0.jpg"
"CB:0021","1154_0.jpg"
"CB:0022","1155_0.jpg"
"CB:0023","1156_0.jpg"
"CB:0024","1157_0.jpg"
"CB:0025","1158_0.jpg"
"CB:0026","1159_0.jpg"
"MT:0083","1169_0.jpg"
"MT:0085","1171_0.jpg"
"MT:0087","1173_0.jpg"
"FB:0000","1174_0.jpg"
"","1174_1.jpg"
"CT:0000","1175_0.jpg"
"","1175_1.jpg"
"FB:0001","1176_0.png"
"FB:0002","1177_0.jpg"
"CT:0001","1178_0.jpg"
"","1178_1.jpg"
"FB:0003","1179_0.jpg"
"FB:0004","1180_0.jpg"
"","1180_1.jpg"
"FB:0005","1181_0.jpg"
"MT:0088","1182_0.jpg"
"","1182_1.jpg"
"CT:0002","1183_0.jpg"
"","1183_1.jpg"
"CPB:0000","1184_0.jpg"
"","1184_1.JPG"
"FB:0007","1186_0.jpg"
"CT:0003","1187_0.jpg"
"CPB:0001","1188_0.jpg"
"","1188_1.jpg"
"CPB:0002","1189_0.jpg"
"CT:0006","1192_0.jpg"
"CT:0007","1193_0.jpg"
"WH:0000","1194_0.jpg"
"TH:0006","1195_0.jpg"
"CT:0011","1203_0.jpg"
"CT:0012","1204_0.jpg"
"CT:0013","1205_0.jpg"
"A:0014","1249_0.jpg"
"","1249_1.jpg"
"","1249_2.jpg"
"","1249_3.jpg"
"FB:0030","1250_0.jpg"
"","1250_1.jpg"
"","1250_2.jpg"
"","1250_3.jpg"
"A:0015","1251_0.jpg"
"A:0016","1252_0.jpg"
"A:0017","1253_0.jpg"
"A:0018","1254_0.jpg"
"A:0019","1255_0.jpg"
"A:0020","1256_0.jpg"
"A:0022","1258_0.jpg"
"A:0023","1259_0.jpg"
"A:0024","1260_0.jpg"
"","1260_1.jpg"
"A:0025","1261_0.jpg"
"","1261_1.jpg"
"A:0026","1262_0.jpg"
"A:0027","1263_0.jpg"
"A:0028","1264_0.jpg"
"TH:0011","1266_0.jpg"
"FB:0031","1267_0.jpg"
"","1267_1.jpg"
"","1267_2.jpg"
"","1267_3.jpg"
"PB:0000","1268_0.jpg"
"","1268_1.jpg"
"","1268_2.jpg"
"","1268_3.jpg"
"FB:0032","1269_0.jpg"
"","1269_1.JPG"
"PB:0004","1274_0.jpg"
"","1274_1.png"
"PB:0005","1275_0.jpg"
"PB:0006","1276_0.jpg"
"","1276_1.png"
"PB:0007","1277_0.jpg"
"","1277_1.jpg"
"","1277_2.png"
"C:0001","1279_0.png"
"","1279_1.png"
"C:0002","1280_0.jpg"
"","1280_1.png"
"C:0003","1281_0.jpg"
"","1281_1.png"
"C:0004","1282_0.jpg"
"MC:0000","1283_0.jpg"
"DO:0000","1284_0.jpg"
"CE:0008","1285_0.jpg"
"","1285_1.jpg"
"A:0029","1286_0.jpeg"
"SS:0000","1287_0.jpeg"
"SS:0001","1288_0.jpg"
"CP:0000","1289_0.jpg"
"TP:0025","1290_0.jpg"
"CP:0001","1291_0.jpg"
"","1291_1.jpg"
"SB:0000","1292_0.jpg"
"","1295_0.jpg"
"","1295_1.jpg"
"","1296_0.jpg"
"TP:0026","1297_0.jpg"
"CT:0020","1298_0.jpg"
"","1298_1.jpg"
"","1298_2.png"
"","1299_0.jpg"
"CT:0021","1300_0.jpg"
"","1300_1.png"
"CT:0022","1304_0.jpg"
"","1304_1.jpg"
"RP:0002","1306_0.jpg"
"","1306_1.jpg"
"RP:0003","1307_0.jpg"
"RP:0004","1308_0.jpg"
"CT:0023","1309_0.jpg"
"RP:0005","1310_0.jpg"
"PB:0008","1311_0.jpg"
"RP:0006","1312_0.jpg"
"FB:0034","1313_0.jpg"
"RP:0007","1314_0.jpg"
"RP:0009","1316_0.jpg"
"CT:0024","1318_0.jpeg"
"RP:0011","1319_0.jpeg"
"RP:0012","1320_0.jpeg"
"RP:0015","1323_0.jpg"
"","1323_1.jpg"
"RP:0016","1324_0.jpg"
"","1324_1.jpg"
"RP:0017","1325_0.jpg"
"","1325_1.jpg"
"RP:0018","1326_0.jpg"
"RP:0019","1327_0.jpg"
"","1327_1.jpg"
"RP:0020","1328_0.jpg"
"RP:0021","1329_0.jpg"
"RP:0022","1330_0.jpg"
"","1330_1.jpg"
"","1330_2.jpg"
"RP:0023","1331_0.jpg"
"RP:0024","1332_0.jpg"
"RP:0025","1333_0.jpg"
"","1333_1.jpg"
"RP:0026","1334_0.jpg"
"RP:0027","1335_0.jpg"
"","1335_1.jpg"
"RP:0030","1338_0.jpg"
"","1338_1.jpg"
"","1338_2.jpg"
"RP:0031","1339_0.jpg"
"","1339_1.jpg"
"RP:0032","1340_0.jpg"
"","1340_1.jpg"
"","1340_2.jpg"
"RP:0033","1341_0.jpg"
"PB:0009","1342_0.jpg"
"","1342_1.JPG"
"RP:0034","1343_0.jpg"
"","1343_1.jpg"
"","1343_2.jpg"
"F:0204","1344_0.jpg"
"","1344_1.JPG"
"F:0205","1345_0.JPG"
"CT:0025","1346_0.jpg"
"","1346_1.jpg"
"CT:0026","1347_0.jpg"
"CT:0027","1348_0.jpg"
"CT:0028","1349_0.jpg"
"CT:0029","1350_0.jpg"
"CT:0030","1351_0.jpg"
"CT:0031","1352_0.jpg"
"","1352_1.jpg"
"CT:0033","1354_0.jpg"
"","1354_1.jpg"
"CT:0034","1355_0.jpg"
"F:0206","1357_0.jpg"
"","1357_1.jpg"
"F:0207","1358_0.jpg"
"","1358_1.jpg"
"","1358_2.jpg"
"","1358_3.jpg"
"F:0208","1359_0.jpg"
"","1359_1.jpg"
"","1359_2.jpg"
"F:0209","1360_0.jpg"
"","1360_1.jpg"
"","1360_2.jpg"
"","1360_3.jpg"
"F:0210","1361_0.jpg"
"","1361_1.jpg"
"","1361_2.jpg"
"","1361_3.jpg"
"F:0211","1362_0.jpg"
"","1362_1.jpg"
"","1362_2.jpg"
"F:0212","1363_0.jpg"
"","1363_1.jpg"
"","1363_2.jpg"
"F:0213","1364_0.jpg"
"","1364_1.jpg"
"","1364_2.jpg"
"F:0214","1365_0.jpg"
"","1365_1.jpg"
"","1365_2.jpg"
"F:0215","1366_0.jpg"
"","1366_1.jpg"
"","1366_2.jpg"
"F:0216","1367_0.jpg"
"","1367_1.jpg"
"","1367_2.jpg"
"F:0217","1368_0.jpg"
"","1368_1.jpg"
"F:0218","1369_0.jpg"
"","1369_1.jpg"
"F:0219","1370_0.jpg"
"","1370_1.jpg"
"F:0220","1371_0.jpg"
"","1371_1.jpg"
"F:0221","1372_0.jpg"
"","1372_1.jpg"
"F:0222","1373_0.jpg"
"","1373_1.jpg"
"F:0223","1374_0.jpg"
"","1374_1.jpg"
"","1374_2.jpg"
"","1374_3.jpg"
"F:0224","1375_0.jpg"
"BG:0057","1380_0.jpg"
"BG:0059","1382_0.jpg"
"BG:0060","1383_0.jpg"
"","1383_1.jpg"
"","1383_2.jpg"
"","1383_3.jpg"
"BG:0061","1384_0.jpg"
"BG:0062","1385_0.jpg"
"","1385_1.jpg"
"","1385_2.jpg"
"","1385_3.jpg"
"BG:0063","1386_0.jpg"
"BG:0064","1387_0.jpg"
"BG:0065","1388_0.jpg"
"BG:0066","1389_0.jpg"
"BG:0068","1391_0.jpg"
"BG:0069","1392_0.jpg"
"BG:0070","1393_0.jpg"
"","1393_1.png"
"BG:0071","1394_0.jpg"
"BG:0072","1395_0.jpg"
"BT:0034","1396_0.jpg"
"BT:0035","1398_0.jpg"
"","1398_1.png"
"BT:0036","1399_0.jpg"
"RP:0035","1400_0.jpg"
"RP:0037","1402_0.jpg"
"","1402_1.jpg"
"RP:0038","1403_0.jpg"
"","1403_1.jpg"
"RP:0039","1404_0.jpg"
"AK:0001","1405_0.jpg"
"","1405_1.jpg"
"AK:0003","1407_0.jpg"
"AK:0004","1408_0.jpg"
"AK:0005","1409_0.jpg"
"AK:0006","1410_0.jpg"
"AK:0007","1411_0.jpg"
"CT:0036","1413_0.jpg"
"CT:0037","1414_0.jpg"
"A:0030","1417_0.jpg"
"A:0031","1418_0.jpg"
"A:0032","1419_0.jpg"
"","1419_1.jpg"
"A:0033","1420_0.jpg"
"AK:0008","1421_0.jpg"
"BR:0024","1422_0.jpg"
"A:0034","1423_0.jpg"
"A:0035","1424_0.jpg"
"BG:0073","1425_0.jpg"
"AK:0009","1426_0.jpg"
"A:0036","1427_0.jpg"
"AK:0010","1428_0.jpg"
"","1429_0.jpg"
"","1429_1.jpg"
"AK:0011","1430_0.jpg"
"","1430_1.jpg"
"","1431_0.jpg"
"","1432_0.jpg"
"","1433_0.jpg"
"","1434_0.jpg"
"","1434_1.jpg"
"VU:0064","1435_0.jpg"
"","1435_1.jpg"
"","1436_0.jpg"
"VU:0065","1437_0.jpg"
"VU:0067","1439_0.jpg"
"","1439_1.jpg"
"","1439_2.jpg"
"","1440_0.jpg"
"","1440_1.jpg"
"","1441_0.jpg"
"VU:0068","1442_0.jpg"
"VU:0069","1443_0.jpg"
"VU:0070","1444_0.jpg"
"VU:0071","1445_0.jpg"
"VU:0072","1446_0.jpg"
"VU:0073","1447_0.jpg"
"VU:0074","1448_0.jpg"
"VU:0075","1449_0.jpg"
"VU:0076","1450_0.png"
"VU:0077","1451_0.png"
"VU:0079","1453_0.jpg"
"","1453_1.jpg"
"","1453_2.jpg"
"VU:0080","1454_0.jpg"
"","1454_1.jpg"
"VU:0082","1456_0.jpg"
"VU:0083","1457_0.jpg"
"VU:0084","1458_0.jpg"
"VU:0085","1459_0.jpg"
"VU:0086","1460_0.jpg"
"VU:0087","1461_0.jpg"
"","1461_1.jpg"
"","1461_2.jpg"
"VU:0088","1462_0.jpg"
"VU:0089","1463_0.jpg"
"","1464_0.jpg"
"","1464_1.jpg"
"","1464_2.jpg"
"","1465_0.jpg"
"VU:0090","1466_0.jpg"
"","1466_1.jpg"
"VU:0091","1467_0.jpg"
"VU:0092","1468_0.jpg"
"VU:0093","1469_0.jpg"
"","1469_1.jpg"
"VU:0094","1470_0.jpg"
"VU:0095","1471_0.jpg"
"VU:0096","1472_0.jpg"
"VU:0097","1473_0.jpg"
"VU:0098","1474_0.jpg"
"VU:0099","1475_0.jpg"
"VU:0100","1476_0.jpg"
"VU:0102","1478_0.jpg"
"VU:0103","1479_0.jpg"
"VU:0104","1480_0.jpg"
"VU:0105","1481_0.jpg"
"VU:0106","1482_0.jpg"
"VU:0107","1483_0.jpg"
"VU:0108","1484_0.jpg"
"VU:0109","1485_0.jpg"
"VU:0110","1486_0.jpg"
"VU:0111","1487_0.jpg"
"VU:0112","1488_0.jpg"
"VU:0113","1489_0.jpg"
"VU:0114","1490_0.jpg"
"","1490_1.jpg"
"VU:0115","1491_0.jpg"
"","1491_1.jpg"
"VU:0116","1492_0.jpg"
"","1492_1.jpg"
"VU:0117","1493_0.jpg"
"VU:0121","1497_0.jpg"
"VU:0122","1498_0.jpg"
"VU:0124","1500_0.jpg"
"VU:0125","1501_0.jpg"
"VU:0127","1503_0.jpg"
"","1503_1.jpg"
"","1503_2.jpg"
"VU:0128","1504_0.jpg"
"","1504_1.jpg"
"VU:0129","1505_0.jpg"
"","1505_1.jpg"
"VU:0131","1507_0.jpg"
"","1507_1.jpg"
"VU:0132","1508_0.jpg"
"VU:0133","1509_0.jpg"
"VU:0134","1510_0.jpeg"
"VU:0135","1511_0.jpeg"
"VU:0136","1512_0.jpg"
"CE:0009","1513_0.jpg"
"CE:0010","1514_0.jpg"
"CE:0011","1515_0.jpg"
"CE:0013","1517_0.jpg"
"CE:0018","1522_0.jpg"
"CE:0020","1524_0.jpg"
"CE:0021","1525_0.jpg"
"","1525_1.jpg"
"CE:0022","1526_0.jpg"
"","1526_1.jpg"
"CE:0023","1527_0.jpg"
"CE:0024","1528_0.jpg"
"","1528_1.jpg"
"","1528_2.jpg"
"CE:0027","1531_0.jpg"
"CE:0028","1532_0.jpg"
"CE:0030","1534_0.jpg"
"","1534_1.jpg"
"CE:0031","1535_0.jpg"
"CE:0032","1536_0.jpg"
"","1536_1.jpg"
"CE:0034","1538_0.jpg"
"","1538_1.jpg"
"","1538_2.jpg"
"","1689_0.jpg"
"","1690_0.jpg"
"","1714_0.jpg"
"","1718_0.jpg"
"","1725_0.jpg"
"VU:0179","1765_0.jpg"
"","1806_0.jpg"
"","1860_0.jpg"
"","1864_0.jpg"
"VU:0227","1951_0.jpg"
"F:0275","1976_0.jpg"
"","1982_0.jpg"
"F:0276","1988_0.jpg"
"","2017_0.jpg"
"VU:0241","2040_0.jpg"
"VU:0251","2051_0.jpg"
"VU:0253","2054_0.jpg"
"VU:0256","2057_0.jpg"
"VC:0080","2067_0.jpg"
"","2073_0.jpg"
"","2074_0.jpg"
"","2078_0.jpg"
"","2080_0.jpg"
"VU:0266","2106_0.jpg"
"F:0302","2122_0.jpg"
"","2123_0.jpg"
"","2138_0.jpg"
"F:0324","2167_0.jpg"
"","2176_0.jpg"
"","2176_1.jpg"
"F:0345","2205_0.jpg"
"BG:0133","2232_0.jpg"
"VU:0283","2251_0.jpg"
"VU:0291","2260_0.jpg"
"BG:0140","2262_0.jpg"
"VC:0097","2272_0.jpg"
"VC:0100","2289_0.jpg"
"","2292_0.jpg"
"VU:0299","2294_0.jpg"
"F:0359","2310_0.jpg"
"F:0361","2313_0.jpg"
"F:0362","2314_0.jpg"
"VU:0303","2317_0.jpg"
"F:0366","2320_0.jpg"
"","2338_0.jpg"
"","2340_0.jpg"
"VC:0105","2351_0.jpg"
"","2356_0.jpg"
"","2357_0.jpg"
"F:0382","2373_0.jpg"
"F:0383","2374_0.jpg"
"F:0387","2382_0.jpg"
"F:0391","2398_0.jpg"
"","2405_0.jpg"
"","2408_0.jpg"
"","2409_0.jpg"
"","2410_0.jpg"
"","2413_0.jpg"
"F:0398","2417_0.jpg"
"F:0399","2418_0.jpg"
"DO:0001","2424_0.jpg"
"F:0405","2426_0.jpg"
"F:0406","2428_0.jpg"
"","2441_0.jpg"
"","2442_0.jpg"
"","2444_0.jpg"
"VC:0115","2447_0.jpg"
"F:0416","2449_0.jpg"
"","2454_0.jpg"
"F:0417","2455_0.jpg"
"","2457_0.jpg"
"F:0419","2469_0.jpg"
"F:0423","2477_0.jpg"
"","2482_0.jpg"
"VU:0335","2485_0.jpg"
"","2486_0.jpg"
"VU:0338","2489_0.jpg"
"F:0426","2490_0.jpg"
"F:0432","2497_0.jpg"
"","2503_0.jpg"
"F:0434","2504_0.jpg"
"F:0436","2507_0.jpg"
"","2509_0.jpg"
"F:0438","2511_0.jpg"
"","2515_0.jpg"
"VU:0340","2524_0.jpg"
"VU:0342","2529_0.jpg"
"","2530_0.jpg"
"F:0444","2531_0.jpg"
"VU:0344","2533_0.jpg"
"","2534_0.jpg"
"F:0445","2535_0.jpg"
"","2537_0.jpg"
"F:0447","2538_0.jpg"
"F:0449","2540_0.jpg"
"","2542_0.jpg"
"","2544_0.jpg"
"","2545_0.jpg"
"F:0452","2549_0.jpg"
"","2554_0.jpg"
"","2555_0.jpg"
"","2557_0.jpg"
"","2558_0.jpg"
"F:0460","2564_0.jpg"
"F:0461","2565_0.jpg"
"","2578_0.jpg"
"","2583_0.jpg"
"","2587_0.jpg"
"VU:0347","2589_0.jpg"
"","2599_0.jpg"
"F:0476","2601_0.jpg"
"F:0477","2602_0.jpg"
"F:0478","2603_0.jpg"
"F:0479","2604_0.jpg"
"F:0480","2605_0.jpg"
"F:0481","2606_0.jpg"
"F:0484","2610_0.jpg"
"F:0485","2613_0.jpg"
"VC:0120","2615_0.jpg"
"F:0490","2620_0.jpg"
"F:0491","2621_0.jpg"
"F:0493","2623_0.jpg"
"VU:0352","2625_0.jpg"
"F:0495","2626_0.jpg"
"","2634_0.jpg"
"F:0503","2640_0.jpg"
"VU:0353","2644_0.jpg"
"F:0507","2645_0.jpg"
"VU:0355","2647_0.jpg"
"F:0508","2648_0.jpg"
"F:0509","2649_0.jpg"
"F:0516","2656_0.jpg"
"F:0517","2657_0.jpg"
"F:0518","2658_0.jpg"
"F:0519","2659_0.jpg"
"BG:0144","2660_0.jpg"
"BG:0152","2669_0.jpg"
"BG:0153","2670_0.jpg"
"BG:0154","2671_0.jpg"
"BG:0156","2673_0.jpg"
"BG:0157","2674_0.jpg"
"BG:0158","2675_0.jpg"
"BG:0159","2676_0.jpg"
"BG:0160","2677_0.jpg"
"BG:0161","2678_0.jpg"
"BG:0165","2683_0.jpg"
"BG:0166","2684_0.jpg"
"BG:0167","2685_0.jpg"
"BG:0170","2689_0.jpg"
"VU:0357","2691_0.jpg"
"BR:0026","2701_0.jpg"
"EP:0076
","2704_0.jpg"
"A:0038","2706_0.jpg"
"BG:0173","2707_0.jpg"
"PB:0011","2710_0.jpg"
"PB:0012","2711_0.jpg"
"BR:0028","2714_0.jpg"
"EP:0061","2715_0.jpg"
"EP:0077
","2716_0.jpg"
"EP:0062","2717_0.jpg"
"F:0520","2719_0.jpg"
"BG:0175","2722_0.jpg"
"F:0523","2725_0.jpg"
"F:0524","2726_0.jpg"
"F:0525","2727_0.jpg"
"F:0526","2728_0.jpg"
"BG:0176","2729_0.jpg"
"BG:0177","2730_0.jpg"
"BG:0178","2731_0.jpg"
"BG:0179","2732_0.jpg"
"BG:0180","2733_0.jpg"
"BG:0182","2735_0.jpg"
"BG:0183","2736_0.jpeg"
"BG:0184","2737_0.jpg"
"BG:0185","2738_0.jpg"
"F:0527","2744_0.jpg"
"F:0528","2745_0.jpg"
"F:0529","2746_0.jpg"
"F:0530","2747_0.jpg"
"F:0531","2748_0.jpg"
"F:0532","2749_0.jpg"
"F:0533","2750_0.jpg"
"BG:0191","2751_0.jpg"
"BG:0192","2752_0.jpg"
"BG:0194","2754_0.jpg"
"BG:0197","2757_0.jpg"
"BG:0198","2758_0.jpg"
"BG:0199","2759_0.jpg"
"BG:0200","2760_0.jpg"
"BG:0203","2763_0.jpg"
"BG:0204","2764_0.jpg"
"","2765_0.jpg"
"BR:0029","2766_0.jpg"
"H:0047","2767_0.jpg"
"BG:0206","2772_0.jpg"
"BG:0208","2774_0.jpg"
"BG:0209","2775_0.jpg"
"BG:0211","2777_0.jpg"
"BG:0213","2779_0.jpg"
"","2780_0.jpg"
"","2781_0.jpg"
"","2783_0.jpg"
"","2785_0.jpg"
"","2785_1.jpg"
"","2787_0.jpg"
"","2792_0.jpg"
"","2793_0.jpg"
"","2795_0.jpg"
"","2797_0.jpg"
"","2799_0.jpg"
"","2810_0.jpg"
"","2812_0.jpg"
"","2813_0.jpg"
"","2814_0.jpg"
"","2817_0.jpg"
"","2818_0.jpg"
"","2818_1.jpg"
"","2818_2.jpg"
"","2818_3.jpg"
"","2818_4.jpg"
"","2818_5.jpg"
"","2818_6.jpg"
"","2819_0.jpg"
"","2820_0.jpg"
"","2822_0.jpg"
"","2823_0.jpg"
"","2824_0.jpg"
"","2824_1.jpg"
"","2826_0.jpg"
"","2827_0.jpg"
"","2828_0.jpg"
"","2828_1.jpg"
"","2829_0.jpg"
"","2829_1.jpg"
"","2830_0.jpg"
"","2833_0.jpg"
"","2838_0.jpg"
"","2840_0.jpg"
"","2841_0.jpg"
"","2842_0.jpg"
"","2843_0.jpg"
"","2846_0.jpg"
"","2847_0.jpg"
"","2849_0.jpg"
"","2850_0.jpg"
"","2850_1.jpg"
"","2850_2.jpg"
"","2850_3.jpg"
"","2851_0.jpg"
"","2852_0.jpg"
"","2853_0.jpg"
"","2853_1.jpg"
"","2854_0.jpg"
"","2855_0.jpg"
"","2856_0.jpg"
"","2857_0.jpg"
"","2858_0.jpg"
"","2858_1.jpg"
"","2859_0.jpg"
"","2860_0.jpg"
"","2861_0.jpg"
"","2862_0.jpg"
"","2863_0.jpg"
"","2864_0.jpg"
"","2865_0.jpg"
"","2866_0.jpg"
"","2867_0.jpg"
"","2867_1.JPG"
"","2868_0.jpg"
"","2868_1.JPG"
"","2869_0.jpg"
"","2870_0.jpg"
"","2872_0.jpg"
"","2873_0.jpg"
"","2874_0.jpg"
"","2875_0.jpg"
"","2875_1.jpg"
"","2875_2.jpg"
"","2875_3.jpg"
"","2879_0.jpg"
"","2879_1.JPG"
"","2880_0.jpg"
"","2880_1.JPG"
"","2881_0.jpg"
"","2881_1.JPG"
"","2882_0.jpg"
"","2882_1.jpg"
"","2882_2.jpg"
"","2883_0.jpeg"
"","2883_1.jpg"
"","2883_2.jpg"
"","2884_0.jpg"
"","2884_1.jpg"
"","2885_0.jpg"
"","2885_1.jpg"
"","2885_2.jpg"
"","2892_0.jpg"
"","2895_0.jpg"
"","2896_0.jpg"
"","2897_0.jpg"
"","2898_0.jpg"
"","2899_0.jpg"
"","2899_1.jpg"
"","2899_2.jpg"
"","2900_0.jpg"
"","2900_1.jpg"
"","2901_0.jpg"
"","2901_1.jpg"1718